693nm,691nm,527nm,525nm,340nm,530nm,523nm,532nm,695nm,520nm,534nm,696nm,625nm,623nm,627nm,685nm,629nm,621nm,631nm,537nm,634nm,619nm,800nm,689nm,794nm,821nm,636nm,518nm,795nm,806nm,809nm,812nm,617nm,638nm,801nm,414nm,798nm,584nm,539nm,687nm,582nm,580nm,354nm,827nm,417nm,698nm,578nm,348nm,587nm,640nm,L*,a*,b*,Date
0.001509038,0.006261064,0.61523968,0.604385614,0.004985097,0.630449653,0.597663641,0.647237122,0.000341204,0.601857901,0.663856626,0.000238713,0.922105491,0.931275845,0.912273765,0.059540424,0.900053859,0.939386666,0.885993361,0.678643942,0.869587004,0.94177705,0.000403099,0.024990719,0.000400403,0.000386925,0.851823092,0.614783287,0.000397019,0.000405289,0.000389754,0.00039908,0.94005996,0.832906485,0.000409007,0.01149379,0.000408081,0.856601,0.691140056,0.041932128,0.850159168,0.843977094,0.00024562,0.000393053,0.029490106,0.000182343,0.838015974,0.000377002,0.862638235,0.812190711,86.87,-3.96,52.84,Day1
0.001695894,0.006763751,0.612632096,0.602002978,0.005574842,0.627704382,0.595593572,0.644415915,0.000399295,0.600141525,0.660970449,0.000282062,0.920088351,0.929358542,0.910154521,0.060015596,0.897853255,0.93757385,0.883715212,0.675691247,0.867253065,0.939998806,0.000475354,0.025817642,0.000472348,0.000457138,0.849467278,0.613478065,0.000468687,0.000478158,0.00046008,0.000470893,0.938254356,0.830554724,0.000482432,0.012650451,0.000480953,0.854361832,0.688114285,0.042608589,0.84785378,0.841598332,0.000292754,0.000463932,0.0316456,0.000216794,0.835564613,0.000445729,0.860454857,0.809863448,78.8,-2.71,49.44,Day1
0.001487326,0.006202718,0.610290051,0.599573135,0.004943516,0.625438571,0.593016982,0.642196655,0.000335557,0.597342014,0.65879786,0.000234292,0.92183578,0.930977285,0.912033617,0.059661921,0.899852455,0.939063549,0.885836244,0.673577309,0.869484127,0.941417575,0.000397125,0.024973694,0.000394354,0.000380967,0.851782441,0.610425234,0.00039106,0.000399243,0.000383854,0.000392969,0.939645946,0.832933366,0.000402894,0.011488308,0.000401902,0.854386568,0.686060905,0.041997023,0.847776592,0.841420293,0.000241442,0.000387059,0.029494829,0.000178795,0.835289299,0.000371076,0.860583067,0.812287688,80.27,-2.79,51.75,Day1
0.001427135,0.006034755,0.60905534,0.598329961,0.004764073,0.624216676,0.591750622,0.640981913,0.000317846,0.596025109,0.657591462,0.000221107,0.922236383,0.931342959,0.912469685,0.059551585,0.90032196,0.939394593,0.886339605,0.672383726,0.870018959,0.941726565,0.000375621,0.024714563,0.000372914,0.000360043,0.852343023,0.609051108,0.000369734,0.000377552,0.000362909,0.000371536,0.939941049,0.83351469,0.000381022,0.011161668,0.000380153,0.854075193,0.684880257,0.041808903,0.847417712,0.84101361,0.000227431,0.000365928,0.028881803,0.000168358,0.83483696,0.000350569,0.86031884,0.812885046,78.83,-2.77,52.34,Day1
0.0011586,0.005253756,0.611909509,0.600848913,0.003913325,0.627280831,0.593792081,0.644159436,0.000240492,0.597506106,0.660866499,0.000164424,0.92524904,0.934194028,0.915646732,0.058720049,0.903634548,0.94207865,0.889781773,0.675761938,0.873557985,0.944350243,0.000280752,0.023322925,0.000278523,0.000268165,0.855927706,0.609880328,0.000275815,0.000281943,0.000270741,0.000277335,0.942596555,0.837104142,0.000284642,0.009453424,0.000284387,0.856942594,0.688370824,0.040643603,0.850349724,0.844020903,0.00016675,0.00027302,0.025560617,0.000123827,0.837921321,0.000260752,0.863136888,0.816446185,86.75,-4.81,57.8,Day1
0.001468301,0.006147026,0.610812426,0.600071311,0.004885805,0.625972033,0.593479753,0.64273262,0.000329943,0.597766399,0.659334302,0.000230163,0.921858728,0.931006372,0.912049592,0.059563424,0.899859309,0.939097822,0.885831654,0.674113452,0.869465172,0.941456437,0.000390248,0.024864243,0.000387513,0.000374288,0.851747632,0.610803246,0.000384241,0.000392296,0.000377165,0.000386117,0.939690053,0.832880855,0.000395888,0.011373254,0.00039497,0.8545506,0.686597407,0.041890066,0.847959042,0.841622531,0.000237008,0.000380312,0.029277965,0.00017554,0.83551228,0.000364538,0.860730648,0.812216163,78.73,-3.18,52.22,Day1
0.001490461,0.006206193,0.613816619,0.603002906,0.004940763,0.629005432,0.596324921,0.64577812,0.000336139,0.600549698,0.662385166,0.000234908,0.921845555,0.931022644,0.912005901,0.059495479,0.899780452,0.939141214,0.885713696,0.677162886,0.869302809,0.941527307,0.000397342,0.024909055,0.000394639,0.000381265,0.851538599,0.613510489,0.000391294,0.000399458,0.000384119,0.000393262,0.939793885,0.832623601,0.000403114,0.011435582,0.000402221,0.855768561,0.689648032,0.04187233,0.849281371,0.843052983,0.000241793,0.000387348,0.029387092,0.000179328,0.83704859,0.000371421,0.861849308,0.811910629,81.48,-3.95,52.75,Day1
0.001550492,0.006367977,0.615173638,0.604371071,0.005121805,0.630344033,0.597716987,0.647102416,0.000354198,0.601992011,0.66369319,0.00024844,0.921254873,0.930482864,0.911362827,0.059555966,0.899087131,0.938651681,0.884967864,0.67844975,0.868506432,0.941067338,0.000419383,0.025139082,0.000416626,0.000402724,0.850699544,0.615007758,0.000413158,0.00042168,0.000405597,0.000415217,0.939349115,0.83174789,0.000425513,0.011762645,0.000424519,0.855953813,0.690913558,0.04202057,0.849520624,0.843347073,0.000256237,0.00040901,0.029997827,0.00019008,0.837396622,0.000392455,0.861981392,0.811003745,80.34,-4.21,52.26,Day1
0.001264609,0.005565587,0.613874495,0.602862716,0.004239458,0.629198074,0.59589088,0.646045983,0.000270053,0.599743605,0.662720978,0.000186093,0.92411536,0.933151603,0.914419413,0.058928318,0.902318716,0.941126645,0.888374805,0.677575469,0.872065783,0.943448067,0.000316471,0.023836283,0.000314103,0.000302786,0.854366601,0.612274647,0.000311169,0.000317931,0.000305462,0.000312852,0.941714525,0.835487247,0.00032093,0.01007629,0.000320526,0.857064545,0.690142632,0.041019894,0.850552976,0.844305634,0.000189605,0.000308038,0.026782041,0.00014082,0.838285029,0.000294622,0.863177478,0.814785242,85.64,-4.93,56.44,Day1
0.001513551,0.006269709,0.613655686,0.602865517,0.005012952,0.6288293,0.596221328,0.645593643,0.000343131,0.600486279,0.662193298,0.000240104,0.921607792,0.930798113,0.911754727,0.059552923,0.899518073,0.938930213,0.885440469,0.676963091,0.869021118,0.941321731,0.000405972,0.025013771,0.000403233,0.000389647,0.851252317,0.613493681,0.00039985,0.000408158,0.000392516,0.000401841,0.939586639,0.83233583,0.000411884,0.011575962,0.00041093,0.855567276,0.689439595,0.041956518,0.849077284,0.84284544,0.000247398,0.000395813,0.029651601,0.000183445,0.836837471,0.000379624,0.861649752,0.811623812,80.78,-3.82,52.35,Day1
0.001500521,0.006233722,0.613191843,0.602406621,0.004975561,0.628364921,0.595765829,0.645129025,0.000339304,0.600027442,0.661729217,0.000237237,0.921662629,0.930845618,0.911816955,0.059535321,0.89958781,0.938970685,0.885517895,0.676500916,0.869106233,0.94135648,0.000401372,0.024961853,0.00039864,0.00038516,0.851344466,0.613031507,0.000395284,0.000403515,0.000388029,0.000397245,0.939616203,0.832434416,0.000407202,0.011511931,0.000406271,0.855397046,0.68897903,0.041921809,0.848890424,0.842641652,0.000244377,0.000391284,0.029532893,0.000181168,0.83661747,0.000375222,0.861495674,0.81172812,80.07,-3.78,52.42,Day1
0.00147466,0.00616474,0.611044884,0.600301147,0.004904126,0.626204789,0.593707919,0.642965555,0.000331798,0.597996116,0.659567058,0.000231549,0.921831369,0.930982649,0.912018597,0.059572216,0.89982456,0.939077675,0.88579309,0.674345374,0.869422793,0.941439152,0.000392476,0.02489008,0.000389739,0.000376462,0.851701677,0.611034751,0.000386453,0.000394546,0.000379339,0.000388344,0.939675331,0.83283174,0.000398156,0.011404834,0.000397228,0.854636192,0.686828613,0.041907392,0.848052979,0.841724932,0.000238469,0.000382506,0.029336758,0.000176639,0.835622907,0.000366671,0.860808015,0.812164187,79.09,-3.21,52.18,Day1
0.001420551,0.00601146,0.613211155,0.602359891,0.004728111,0.628429174,0.595621228,0.645218492,0.000315428,0.599758744,0.661841393,0.000219513,0.922427714,0.931563854,0.912629783,0.059345622,0.900441706,0.939641058,0.886412323,0.676638722,0.870033979,0.942005217,0.000372053,0.02459841,0.000369437,0.00035668,0.852293193,0.612619638,0.00036622,0.000373953,0.000359498,0.000368083,0.940264702,0.83339417,0.000377403,0.011036697,0.000376661,0.855831027,0.689144254,0.041635495,0.849316239,0.84306097,0.000225353,0.000362517,0.028634043,0.000167144,0.837031305,0.00034734,0.861940503,0.812690735,81.46,-4.1,53.66,Day1
0.001136658,0.005184654,0.611108422,0.600059807,0.003851326,0.626473844,0.59300983,0.643345892,0.000234713,0.59671706,0.660046816,0.000160215,0.925174415,0.934120536,0.91557014,0.058636319,0.903555989,0.94200635,0.889700055,0.67493844,0.873472452,0.944274127,0.000273964,0.023197321,0.000271758,0.000261571,0.855839193,0.60908258,0.000269092,0.00027509,0.000264137,0.000270552,0.942511141,0.837012172,0.000277724,0.009342946,0.000277509,0.856481791,0.687542915,0.040537592,0.849862576,0.843507409,0.000162416,0.000266349,0.025344713,0.000120542,0.837383926,0.000254288,0.862702191,0.816350102,82.78,-4.93,57.99,Day1
0.001991686,0.007529201,0.61610204,0.605542004,0.006441452,0.631108463,0.599268079,0.647785425,0.000493251,0.604046524,0.664304972,0.000353374,0.918523848,0.927914262,0.908468723,0.060525574,0.896058857,0.936250448,0.881813467,0.678976059,0.8652578,0.938750863,0.000590751,0.026922202,0.000587505,0.00056989,0.847402513,0.617645741,0.000583382,0.000594697,0.000572728,0.000586123,0.937049866,0.828441501,0.000599893,0.014179643,0.000597568,0.855098128,0.691348553,0.043418594,0.848727107,0.8426072,0.000369593,0.000577575,0.034385752,0.000273947,0.836701035,0.000556416,0.861052692,0.807720542,84.65,-2.21,46.66,Day1
0.002081026,0.007744449,0.618897796,0.608315766,0.006698692,0.633896887,0.602023423,0.650560975,0.000522639,0.606818795,0.667062044,0.00037607,0.917819858,0.927283049,0.907689512,0.060522802,0.895205319,0.935690522,0.880880773,0.681706786,0.864245534,0.938238442,0.000626837,0.027163893,0.000623591,0.000605262,0.846319139,0.620429873,0.000619291,0.000631124,0.000608023,0.000622196,0.936570644,0.827292681,0.000636594,0.014598958,0.000634108,0.855787456,0.694054306,0.043533109,0.84952122,0.843508959,0.000394042,0.000613188,0.035119098,0.000292291,0.837709069,0.000591193,0.861640692,0.806512475,83.41,-2.96,46.51,Day1
0.00211202,0.007824894,0.619462371,0.608871102,0.006780833,0.634466529,0.602573514,0.651136458,0.00053251,0.607373118,0.667643309,0.000383638,0.917929769,0.92738843,0.907804906,0.060600121,0.895326018,0.935791254,0.881008148,0.682292342,0.86438024,0.938340485,0.000638716,0.027282098,0.000635462,0.000616934,0.846459806,0.62098968,0.000631124,0.000643152,0.000619652,0.000634136,0.936679721,0.827439487,0.00064873,0.014729914,0.000646127,0.85616523,0.69464469,0.043628618,0.849916339,0.843921244,0.000402078,0.000624937,0.035344727,0.000298387,0.838136375,0.000602689,0.8620013,0.806665599,87.04,-2.74,46.29,Day1
0.001911299,0.007322747,0.616088271,0.605488122,0.00620481,0.631119728,0.599150419,0.64780724,0.000467196,0.603845716,0.664335012,0.000333572,0.918878794,0.928251266,0.908841133,0.060340736,0.896443784,0.936568558,0.882208586,0.679016232,0.865657449,0.939059317,0.000558557,0.026609477,0.00055539,0.000538424,0.847800255,0.617347598,0.00055137,0.000562167,0.000541297,0.000553974,0.93735677,0.828831375,0.000567108,0.013753557,0.00056507,0.855207562,0.691399813,0.043167889,0.848832428,0.842710316,0.000348112,0.00054587,0.033628963,0.000258047,0.836803913,0.000525526,0.861168385,0.80809772,82.77,-2.7,47.66,Day1
0.001902307,0.007297332,0.619006753,0.608314395,0.006161188,0.634080291,0.601859033,0.650785685,0.000463667,0.606449485,0.667324066,0.000331087,0.91913861,0.928524852,0.909086704,0.060204927,0.896667898,0.936852872,0.882407129,0.682010651,0.865822673,0.93936348,0.000553461,0.026518403,0.000550389,0.000533567,0.847925663,0.619824767,0.000546332,0.000557031,0.000536393,0.000549012,0.937693477,0.828912139,0.000561944,0.01362368,0.000560044,0.856536686,0.694403052,0.043045368,0.850258708,0.844237864,0.000344966,0.000540958,0.033387106,0.000256096,0.838431001,0.000520831,0.862406313,0.808131099,85.83,-3.54,48.63,Day1
0.002215884,0.008077892,0.620064139,0.609510303,0.007085151,0.635038853,0.603273153,0.651691854,0.000567468,0.608158827,0.668182492,0.000410538,0.917316794,0.926816821,0.90715003,0.06075291,0.894634664,0.935261667,0.880280733,0.682811737,0.863622248,0.937834322,0.000682119,0.027625684,0.0006788,0.000659448,0.845680773,0.62187314,0.000674323,0.000687004,0.000662077,0.000677501,0.936182499,0.826647043,0.000692911,0.015260211,0.000689961,0.856102943,0.695143461,0.043876246,0.849881589,0.843913257,0.000431405,0.000667729,0.03626769,0.000320135,0.838153601,0.000644462,0.861910164,0.805866241,87.07,-2.55,45.34,Day1
0.000950484,0.004605601,0.606197953,0.59508884,0.003276536,0.621635377,0.587909877,0.638551176,0.000185443,0.59137094,0.655299902,0.000124568,0.927102149,0.935881615,0.917668462,0.058195539,0.905817866,0.943603396,0.892130017,0.670259118,0.87606132,0.945775568,0.000214964,0.022181427,0.000213025,0.000204525,0.858559787,0.603455663,0.000210774,0.000215675,0.000206863,0.000211931,0.943964064,0.839841127,0.000217793,0.008226394,0.000217789,0.855572939,0.682932615,0.039772805,0.848760188,0.842210591,0.000125191,0.000208578,0.023093214,9.28e-05,0.835899651,0.000198534,0.861985624,0.81926614,80.34,-4.63,60.42,Day1
0.001012646,0.004805598,0.605420411,0.594404697,0.003476023,0.620800734,0.587361634,0.637687802,0.000201743,0.590984046,0.654412866,0.000136222,0.926383734,0.935200572,0.916912556,0.058469858,0.9050318,0.942961037,0.891316473,0.669346929,0.875229537,0.945146263,0.000234654,0.022585807,0.00023259,0.000223503,0.857722759,0.603257537,0.000230217,0.0002355,0.000225943,0.00023145,0.943325639,0.83901006,0.000237789,0.008644663,0.000237678,0.854889512,0.68199271,0.040132672,0.84805727,0.841484845,0.000137454,0.000227813,0.023951499,0.000101832,0.835149646,0.00021705,0.861316979,0.818450093,80.11,-3.93,58.87,Day1
0.00081404,0.004158433,0.600341797,0.58922565,0.002850876,0.615820527,0.581990004,0.632763863,0.000151257,0.585278988,0.649547875,0.000100167,0.928770483,0.937389374,0.91950202,0.057901025,0.907815039,0.944954872,0.894298553,0.664563894,0.878397942,0.947032571,0.000174374,0.021370368,0.000172642,0.000165393,0.861043334,0.59716785,0.000170714,0.000174832,0.000167521,0.000171654,0.945166528,0.84245348,0.000176586,0.00738548,0.000176677,0.854207039,0.677294731,0.039184436,0.847168267,0.840389013,0.0001,0.000168894,0.021343773,7.4e-05,0.833854795,0.00016033,0.860841095,0.821990013,78.36,-3.75,61.99,Day1
0.000971737,0.004673484,0.605406642,0.594350398,0.003347956,0.620812237,0.587242961,0.637709975,0.000191084,0.590781093,0.654443383,0.000128587,0.926707149,0.935505867,0.917253673,0.058290917,0.905386984,0.943247676,0.891683698,0.669387758,0.875603855,0.945424438,0.000221861,0.022322306,0.000219873,0.000211159,0.85809809,0.60295552,0.00021758,0.000222614,0.000213539,0.00021875,0.943603814,0.839380562,0.000224789,0.008383494,0.000224748,0.854999065,0.682044864,0.039900165,0.848163128,0.841588616,0.000129463,0.000215304,0.023418767,9.59e-05,0.835253298,0.000204997,0.861432433,0.81881094,78.36,-3.75,61.99,Day1
0.00081404,0.004158433,0.600341797,0.58922565,0.002850876,0.615820527,0.581990004,0.632763863,0.000151257,0.585278988,0.649547875,0.000100167,0.928770483,0.937389374,0.91950202,0.057901025,0.907815039,0.944954872,0.894298553,0.664563894,0.878397942,0.947032571,0.000174374,0.021370368,0.000172642,0.000165393,0.861043334,0.59716785,0.000170714,0.000174832,0.000167521,0.000171654,0.945166528,0.84245348,0.000176586,0.00738548,0.000176677,0.854207039,0.677294731,0.039184436,0.847168267,0.840389013,0.0001,0.000168894,0.021343773,7.4e-05,0.833854795,0.00016033,0.860841095,0.821990013,78.22,-4.31,59.69,Day1
0.000971737,0.004673484,0.605406642,0.594350398,0.003347956,0.620812237,0.587242961,0.637709975,0.000191084,0.590781093,0.654443383,0.000128587,0.926707149,0.935505867,0.917253673,0.058290917,0.905386984,0.943247676,0.891683698,0.669387758,0.875603855,0.945424438,0.000221861,0.022322306,0.000219873,0.000211159,0.85809809,0.60295552,0.00021758,0.000222614,0.000213539,0.00021875,0.943603814,0.839380562,0.000224789,0.008383494,0.000224748,0.854999065,0.682044864,0.039900165,0.848163128,0.841588616,0.000129463,0.000215304,0.023418767,9.59e-05,0.835253298,0.000204997,0.861432433,0.81881094,78.22,-4.31,59.69,Day1
0.00071701,0.00382221,0.599441886,0.588203013,0.002535442,0.615009189,0.580776691,0.632001579,0.000127816,0.583806396,0.648831367,8.37e-05,0.930264652,0.938777447,0.92110467,0.05749784,0.909518242,0.946237326,0.896102905,0.663902283,0.880292416,0.948267102,0.000146447,0.020663831,0.00014491,0.000138584,0.863004506,0.595393777,0.0001432,0.00014675,0.000140518,0.000144019,0.94639796,0.844461381,0.000148252,0.006710635,0.000148431,0.854738295,0.676691413,0.038585328,0.847650707,0.840825319,8.29e-05,0.000141668,0.01989175,6.14e-05,0.834247947,0.000134215,0.861424983,0.824027538,79.74,-4.23,64.33,Day1
0.00078573,0.004058669,0.604854703,0.59356153,0.002748226,0.620425344,0.586097002,0.63741529,0.000144051,0.58917129,0.654233217,9.52e-05,0.929380774,0.937999487,0.920111179,0.057588883,0.908411622,0.945560694,0.894875228,0.669275045,0.878940344,0.94765836,0.000165451,0.021091171,0.000163818,0.000156873,0.861536741,0.600807548,0.000161931,0.000165859,0.00015892,0.000162872,0.945839405,0.842885613,0.000167538,0.007125684,0.00016771,0.856363058,0.682035983,0.038864553,0.849477291,0.842858732,9.46e-05,0.000160237,0.020780131,7.02e-05,0.836483359,0.00015206,0.86285466,0.822352171,82.4,-5.36,64.01,Day1
0.000898075,0.004435213,0.605120897,0.593979597,0.00311186,0.620586395,0.586742938,0.637517571,0.000172075,0.590111852,0.654281735,0.000115014,0.927699268,0.936431229,0.91831392,0.058031604,0.906508923,0.944106042,0.892867267,0.669261694,0.87684083,0.946252763,0.000198999,0.021858407,0.000197147,0.000189132,0.859372735,0.602090001,0.000195012,0.000199605,0.000191389,0.000196091,0.944431543,0.840679586,0.000201581,0.007894479,0.000201634,0.855465353,0.681956828,0.039514598,0.848608017,0.842014194,0.000115253,0.000192971,0.02240696,8.54e-05,0.835661232,0.000183506,0.861923099,0.820123255,79.61,-4.68,61.28,Day1
0.000927913,0.004532653,0.605893135,0.594765306,0.003205137,0.621345043,0.587555766,0.638268828,0.000179639,0.590972662,0.655025244,0.000120417,0.927375734,0.936134934,0.91796267,0.058122095,0.906131208,0.94383657,0.892462611,0.669994235,0.87641114,0.945998609,0.000208009,0.022042289,0.000206109,0.00019782,0.85892266,0.603006244,0.000203908,0.000208675,0.000200123,0.000205033,0.944184601,0.840213418,0.000210732,0.008081199,0.000210755,0.855604291,0.682677865,0.03965994,0.848777652,0.842214644,0.00012086,0.000201781,0.022793544,8.96e-05,0.835890949,0.000191989,0.862031221,0.819644749,80.33,-4.69,60.84,Day1
0.000933446,0.004547307,0.611617386,0.600325048,0.003206353,0.627143681,0.592913091,0.644101858,0.000180615,0.59616673,0.660878897,0.000121254,0.927623808,0.936417699,0.918174028,0.057916138,0.906295061,0.944148958,0.892570853,0.675855815,0.876450777,0.946351469,0.000208667,0.021983299,0.000206822,0.000198537,0.858884096,0.608005285,0.000204575,0.000209342,0.000200809,0.000205771,0.944596529,0.840089321,0.000211414,0.008026116,0.000211506,0.858048081,0.68855226,0.039513782,0.851418674,0.845060587,0.000121437,0.000202496,0.022666881,9.03e-05,0.838937998,0.000192739,0.864288747,0.819430888,85.77,-6.33,62.36,Day1
0.000788988,0.004073537,0.602633834,0.591402709,0.002761388,0.618179083,0.584018052,0.635161042,0.000144877,0.58715862,0.651977301,9.57e-05,0.929463506,0.938054144,0.920224011,0.057737213,0.908559263,0.945589721,0.895063102,0.667022467,0.87917459,0.947666407,0.000166523,0.021167329,0.000164865,0.000157884,0.861819386,0.598875165,0.000162984,0.000166943,0.000159945,0.000163923,0.945826292,0.843219221,0.000168633,0.007170671,0.000168769,0.85561353,0.67978543,0.038982969,0.848648012,0.841945887,9.52e-05,0.000161267,0.020879518,7.06e-05,0.835486531,0.000153035,0.862179935,0.822737932,83.65,-4.51,63.4,Day1
0.001171128,0.005287074,0.615893543,0.604733109,0.003940575,0.631303549,0.597552896,0.648195148,0.000243627,0.601171851,0.66490531,0.000166849,0.925205946,0.934192181,0.915560305,0.058573347,0.903497815,0.942114294,0.889587998,0.679794967,0.873298824,0.944421887,0.000284125,0.023310928,0.000281935,0.000271502,0.855599642,0.613429308,0.000279167,0.000285339,0.00027406,0.000280753,0.942709684,0.836704135,0.000288072,0.009462395,0.000287878,0.85847187,0.692401528,0.040556338,0.852017462,0.845832527,0.000169057,0.000276386,0.025569657,0.000125757,0.839874744,0.000264057,0.864535153,0.815973163,88.65,-5.99,58.71,Day1
0.002334207,0.008354751,0.625232518,0.614591241,0.007402369,0.640227675,0.60825491,0.656879425,0.000606884,0.613089561,0.673358083,0.000441427,0.91684562,0.926426828,0.906595409,0.060713645,0.893992841,0.934949338,0.879545152,0.687963247,0.862787843,0.937585771,0.000729818,0.027900172,0.000726604,0.000706437,0.84475112,0.626731992,0.00072187,0.000735212,0.000708859,0.000725398,0.935995579,0.825625122,0.0007415,0.015719712,0.00073837,0.857944727,0.7002756,0.043978911,0.851904511,0.846122622,0.000464311,0.000714979,0.03704448,0.000345275,0.840545416,0.000690789,0.86357832,0.80475688,90.38,-3.68,45.71,Day1
0.001470125,0.006158608,0.611414552,0.600637913,0.004879363,0.626599669,0.594006836,0.643381596,0.000329951,0.598257661,0.660004318,0.000230152,0.922386527,0.931500971,0.912612915,0.059631806,0.900455892,0.939559042,0.886464357,0.674803913,0.870132804,0.941906631,0.000389846,0.024898872,0.000387127,0.000373949,0.852443099,0.611255646,0.000383859,0.000391927,0.000376797,0.000385805,0.940147996,0.833600402,0.000395534,0.011343659,0.000394588,0.855256855,0.687309563,0.041937932,0.848679066,0.842356145,0.00023678,0.000379964,0.029216679,0.000175516,0.836256385,0.000364237,0.861423731,0.81295675,85.66,-2.9,52.3,Day1
0.001902487,0.007294524,0.620215952,0.609493136,0.006158036,0.63530004,0.602997899,0.652006865,0.000463642,0.607554615,0.668543339,0.000331167,0.919077635,0.9284814,0.909007192,0.060132209,0.896567762,0.936825812,0.882283568,0.683225632,0.865672827,0.939349949,0.000553251,0.026484638,0.000550213,0.000533397,0.847749174,0.620887518,0.000546131,0.00055681,0.000536211,0.000548826,0.937693417,0.828708172,0.000561721,0.013599958,0.00055988,0.856952131,0.695614755,0.042989094,0.850716472,0.844739914,0.00034493,0.000540782,0.033341847,0.000256186,0.838977218,0.000520686,0.862781763,0.807899654,85.38,-4.01,49.01,Day1
0.001704493,0.006779986,0.623390079,0.612443805,0.005542884,0.638602912,0.605636477,0.655374467,0.000399902,0.609844506,0.671962976,0.000283119,0.920874059,0.930199862,0.910882413,0.059624001,0.898500144,0.938460827,0.884266973,0.686697245,0.867684245,0.940961242,0.000473739,0.02565852,0.000470993,0.000455942,0.849756956,0.622768998,0.000467171,0.000476566,0.000458722,0.000469685,0.939335883,0.830687821,0.000480873,0.012418305,0.000479698,0.859203935,0.699145555,0.042301457,0.85305506,0.847173214,0.000292461,0.000462674,0.031186072,0.000217765,0.841504991,0.00044479,0.864958227,0.809831977,91.5,-5.52,52.46,Day1
0.001823917,0.007091383,0.624059618,0.613172293,0.005898552,0.639227867,0.606457472,0.655973792,0.000437466,0.610793054,0.672538042,0.000311541,0.920011163,0.929395795,0.909959853,0.059841067,0.897524953,0.937716365,0.883239746,0.687243402,0.866612613,0.940248489,0.000519879,0.026118435,0.000517027,0.000500973,0.848654568,0.623862982,0.000513004,0.000523138,0.000503735,0.000515713,0.938633025,0.829565763,0.00052781,0.013060312,0.00052633,0.859028757,0.699661553,0.042645,0.852912486,0.847061872,0.000323049,0.000508079,0.032355975,0.000240498,0.841422975,0.000488971,0.864748359,0.808699727,91.19,-5.24,51.11,Day1
0.002111188,0.00782018,0.622600734,0.611916184,0.006758397,0.637645483,0.605500102,0.654331446,0.00053146,0.610196173,0.670846581,0.000383074,0.918163896,0.927640259,0.908020675,0.06047269,0.895516217,0.936057746,0.881168485,0.685498178,0.864502907,0.938629866,0.000636506,0.027216991,0.000633356,0.00061492,0.846538782,0.623686314,0.000628957,0.000640931,0.000617575,0.000632081,0.937004447,0.827470362,0.000646508,0.014631357,0.000644043,0.857571244,0.697856843,0.043522783,0.851426363,0.845539689,0.000400901,0.000622885,0.035161048,0.000297985,0.839861155,0.000600799,0.863309324,0.806645989,90.43,-3.58,47.25,Day1
0.000740699,0.003909261,0.597753048,0.586593628,0.002614168,0.613279581,0.579276919,0.630254865,0.000133448,0.582419515,0.647073746,8.76e-05,0.930058539,0.938566864,0.920904458,0.057727363,0.909329832,0.946024299,0.895931184,0.662136197,0.880145252,0.948045373,0.000153195,0.020891333,0.000151595,0.000145044,0.862888217,0.594140768,0.000149843,0.00015354,0.00014703,0.000150689,0.946159363,0.844382286,0.000155106,0.006893704,0.000155237,0.854035974,0.674915314,0.038829289,0.846890032,0.840002179,8.7e-05,0.000148233,0.020291526,6.44e-05,0.83336097,0.000140497,0.860775828,0.823990285,81.36,-3.37,63.34,Day1
0.000945921,0.004591339,0.6079216,0.596749544,0.003255094,0.623392344,0.589492321,0.640326977,0.000184052,0.592883885,0.657090425,0.000123611,0.927393138,0.9361673,0.917964876,0.058134679,0.906115949,0.943882406,0.892428279,0.672061205,0.87635535,0.946060359,0.000213084,0.022133477,0.000211174,0.000202744,0.858843803,0.604887366,0.000208924,0.000213788,0.000205058,0.000210104,0.944267511,0.840110958,0.000215895,0.008162574,0.000215916,0.856483877,0.684748054,0.039711624,0.849727988,0.843237579,0.000124072,0.000206768,0.022956764,9.21e-05,0.836983979,0.000196814,0.862843037,0.819518924,83.87,-5.07,61.05,Day1
0.000780619,0.004046271,0.599834085,0.588675976,0.002740867,0.61534667,0.581377149,0.632312179,0.000143005,0.584578753,0.649118304,9.43e-05,0.929450572,0.938017905,0.920235574,0.057811823,0.908599913,0.945532501,0.895136714,0.664160252,0.879286706,0.947586954,0.000164483,0.021151161,0.000162817,0.000155895,0.861972988,0.596367419,0.000160967,0.00016489,0.000157955,0.000161873,0.945718884,0.843416572,0.000166559,0.007151315,0.000166673,0.854480028,0.676918387,0.03901571,0.847415209,0.840610147,9.39e-05,0.000159251,0.020843461,6.95e-05,0.834049881,0.000151077,0.861140668,0.822980046,81.28,-3.74,62.82,Day1
0.000826333,0.00419854,0.603374243,0.592182577,0.002883014,0.618886113,0.584859252,0.635846138,0.000154099,0.588089108,0.652640164,0.000102233,0.928758383,0.937404275,0.919461668,0.057834849,0.907741785,0.94499433,0.894188225,0.667658687,0.878245115,0.947097003,0.000177545,0.02140904,0.000175817,0.000168477,0.860845268,0.599907696,0.000173848,0.000178024,0.000170611,0.00017483,0.945261419,0.842208147,0.000179811,0.007426119,0.000179921,0.855427384,0.680393696,0.039167799,0.848496258,0.841828585,0.000101984,0.000172019,0.02142394,7.56e-05,0.835403502,0.000163358,0.8619591,0.821696818,81.1,-4.58,62.57,Day1
0.000973128,0.004678695,0.608458996,0.597303152,0.003340112,0.623915553,0.590074778,0.640842259,0.000191068,0.593512356,0.65759784,0.000128643,0.927094042,0.935891986,0.917641521,0.058216743,0.905769706,0.943630695,0.892058969,0.672558069,0.87596488,0.945821464,0.000221466,0.022296367,0.000219513,0.000210834,0.858436644,0.605568886,0.000217203,0.000222228,0.000213187,0.000218425,0.944033682,0.839691043,0.000224409,0.008332361,0.000224399,0.856537461,0.685233951,0.039841138,0.849803746,0.843335211,0.000129311,0.000214967,0.023305522,9.6e-05,0.837102532,0.000204714,0.86287415,0.819089651,84.23,-5.04,60.6,Day1
0.000743979,0.003919043,0.599220991,0.58802557,0.002622651,0.614762127,0.580665648,0.631743312,0.000134192,0.583778143,0.648564458,8.82e-05,0.929980397,0.938507855,0.92080617,0.057665944,0.909208834,0.945982933,0.895784497,0.663625419,0.879969716,0.948018074,0.000154012,0.020886362,0.000152417,0.00014584,0.862683117,0.595463157,0.00015065,0.00015436,0.000147828,0.000151507,0.946146011,0.844146788,0.000155933,0.006900817,0.000156079,0.854542971,0.676403642,0.038794406,0.847450435,0.840618253,8.75e-05,0.00014904,0.020304743,6.48e-05,0.834032357,0.00014128,0.861232281,0.82372427,81.27,-3.85,63.62,Day1
0.000804694,0.004127197,0.6027053,0.591495514,0.002812362,0.618235588,0.584143221,0.635209203,0.000148722,0.587326288,0.652017832,9.84e-05,0.929222226,0.937829435,0.919965744,0.057801638,0.908285379,0.945381641,0.894773602,0.667054057,0.878871441,0.947465539,0.000171113,0.021278854,0.000169423,0.000162293,0.861506343,0.599092126,0.000167507,0.000171559,0.000164385,0.000168466,0.945625246,0.842899442,0.00017329,0.007279327,0.00017341,0.855497122,0.679807425,0.039077792,0.848536849,0.841839433,9.8e-05,0.000165743,0.021111798,7.27e-05,0.835384548,0.000157331,0.862057567,0.822414279,83.31,-4.42,63.0,Day1
0.000632943,0.003521261,0.595202982,0.583940506,0.002264578,0.610812664,0.576445818,0.627832115,0.000108426,0.579313993,0.644694328,7.02e-05,0.931696951,0.940076113,0.922674954,0.057265934,0.911226451,0.947406292,0.897955954,0.659814715,0.882288277,0.949363589,0.000123628,0.020053195,0.000122242,0.000116704,0.865125,0.590714872,0.000120739,0.000123818,0.000118465,0.000121439,0.947460473,0.84669131,0.000125109,0.006142466,0.000125315,0.853967726,0.672654986,0.038124453,0.846712351,0.839716434,6.91e-05,0.000119428,0.018643146,5.12e-05,0.832972288,0.000112905,0.860819101,0.826352477,80.26,-3.57,65.72,Day1
0.00068302,0.003701196,0.600797772,0.589454651,0.002419244,0.616429448,0.581886172,0.633458853,0.000119708,0.584759712,0.650320649,7.81e-05,0.931041718,0.939512312,0.921924889,0.05730116,0.910375953,0.946929097,0.896997094,0.665423334,0.881215215,0.948947906,0.000136701,0.020382063,0.000135247,0.000129263,0.863942623,0.596165776,0.00013361,0.000136958,0.000131113,0.000134405,0.947095811,0.84540385,0.000138374,0.0064431,0.000138589,0.855800986,0.678246975,0.038323142,0.848752856,0.841970026,7.71e-05,0.000132192,0.019301325,5.72e-05,0.835434318,0.000125152,0.862452924,0.824965715,83.61,-4.85,65.81,Day1
0.001184858,0.005336414,0.606725097,0.595845759,0.004013937,0.622007251,0.589021206,0.638843358,0.00024831,0.592946172,0.655521631,0.000169937,0.924685359,0.933617771,0.915096939,0.059011742,0.903111577,0.941494703,0.889293373,0.670397937,0.873119295,0.943737507,0.000290876,0.023557343,0.000288524,0.000277859,0.855552793,0.605571151,0.000285807,0.000292137,0.000280512,0.000287286,0.941928566,0.836804032,0.000294912,0.009715933,0.00029451,0.854537129,0.682982326,0.040926687,0.847769737,0.841258287,0.000172964,0.000282843,0.026092388,0.000128098,0.8349787,0.000270162,0.860894918,0.816228151,81.69,-3.16,55.83,Day1
0.001208549,0.005404547,0.608019829,0.597129643,0.004085844,0.623299718,0.590296388,0.640131116,0.000254886,0.594230711,0.656802237,0.000174784,0.92437166,0.93333739,0.914748669,0.05900605,0.90272826,0.941246569,0.888872445,0.671667218,0.872659922,0.943509698,0.000298779,0.023650916,0.000296407,0.000285526,0.855058432,0.606864095,0.000293631,0.000300096,0.0002882,0.000295148,0.94171387,0.836277068,0.000302935,0.009845537,0.00030252,0.854840577,0.684240699,0.040972285,0.848122358,0.841661632,0.000178047,0.000290599,0.026345089,0.000131906,0.835432291,0.000277669,0.861150861,0.815671086,80.89,-3.52,55.76,Day1
0.00096698,0.004660809,0.605907083,0.594819665,0.003327756,0.621333659,0.587674499,0.638246834,0.00018966,0.591175675,0.654994905,0.000127567,0.927055001,0.935832381,0.917624116,0.058300573,0.905778468,0.943552673,0.892097592,0.669953585,0.876038849,0.945723176,0.000220004,0.02230257,0.000218032,0.000209386,0.858549058,0.603308439,0.00021575,0.000220755,0.000211748,0.000216937,0.943909109,0.839844346,0.000222919,0.008333047,0.000222881,0.855495095,0.68262583,0.039891087,0.848672271,0.84211123,0.00012832,0.000213505,0.023312394,9.51e-05,0.835787654,0.000203278,0.861916125,0.819285095,82.22,-4.31,60.01,Day1
0.001119542,0.005139133,0.605648458,0.594737113,0.003812342,0.620958567,0.58785516,0.637810051,0.00023041,0.591688573,0.654503763,0.000156903,0.925300598,0.934185445,0.915760756,0.058845669,0.903820395,0.942014992,0.890047669,0.669400692,0.873914719,0.944231629,0.000269275,0.023214776,0.000267021,0.000256946,0.856380105,0.604207993,0.000264436,0.000270373,0.00025953,0.000265816,0.942412019,0.837655365,0.000272961,0.009324488,0.000272666,0.854428887,0.682006598,0.040661305,0.847616732,0.841060996,0.000159234,0.000261681,0.025319342,0.000117913,0.834739208,0.000249714,0.860831976,0.817096472,80.96,-3.24,56.77,Day1
0.001208661,0.005402461,0.609241962,0.598319888,0.004083753,0.624534249,0.591445923,0.641369104,0.000254872,0.595347166,0.658040285,0.000174826,0.92431432,0.93329668,0.914673686,0.058934674,0.902633309,0.941221237,0.888754845,0.672902703,0.872516692,0.943497062,0.000298666,0.02362073,0.000296311,0.000285435,0.854888797,0.607940137,0.000293522,0.000299976,0.000288103,0.000295048,0.94171381,0.836080134,0.000302814,0.009828325,0.000302431,0.855260074,0.685474515,0.040918589,0.848585486,0.842170358,0.000178028,0.000290504,0.026309138,0.000131952,0.835986614,0.000277592,0.861529171,0.815446675,80.43,-3.98,56.11,Day1
0.001205756,0.005394099,0.61010164,0.599148273,0.004070381,0.625410378,0.592235208,0.642254353,0.000253914,0.596101522,0.658932686,0.000174153,0.92446506,0.933444977,0.91482693,0.058903862,0.90278697,0.941366434,0.888908148,0.673800588,0.872667372,0.943645239,0.000297357,0.023595197,0.000295021,0.00028419,0.855033934,0.608653307,0.000292232,0.000298662,0.000286843,0.000293772,0.941871405,0.836217642,0.000301492,0.009790194,0.000301128,0.855716884,0.686378956,0.040887147,0.849070489,0.842684627,0.000177231,0.00028924,0.02623155,0.000131429,0.836529255,0.000276387,0.861959636,0.815575123,82.2,-4.18,56.41,Day1
0.001030627,0.004866138,0.601938486,0.591044009,0.003542106,0.617259622,0.584156752,0.634119153,0.000206738,0.58791995,0.650826216,0.000139706,0.9261235,0.934923291,0.916670918,0.058699034,0.904817343,0.942670166,0.891135514,0.665749073,0.875092506,0.944832623,0.000240989,0.022763675,0.000238848,0.000229565,0.857637763,0.600360632,0.000236465,0.000241882,0.000232055,0.000237687,0.9429757,0.838984132,0.000244223,0.008816032,0.000244021,0.853382766,0.678380549,0.040350188,0.846430242,0.839731514,0.000141302,0.000233961,0.024306374,0.000104511,0.833270907,0.000222936,0.859922707,0.818487763,78.54,-2.67,57.52,Day1
0.001281123,0.005613879,0.614569783,0.603550792,0.004287377,0.629894018,0.596574068,0.646741867,0.000274635,0.600431919,0.663415909,0.000189477,0.92403543,0.933082581,0.914328456,0.058954444,0.902216613,0.941067994,0.888261139,0.678267479,0.871940494,0.943397641,0.000321928,0.023910778,0.000319547,0.000308093,0.854230583,0.612968326,0.000316576,0.000323433,0.000310775,0.000318297,0.941671669,0.835341454,0.000326482,0.010160605,0.000326056,0.857317388,0.6908319,0.041070852,0.850830674,0.844608545,0.000193132,0.000313402,0.026944175,0.000143482,0.838612258,0.000299824,0.863406181,0.814630747,86.7,-5.0,56.34,Day1
0.00106027,0.004958692,0.602478623,0.591600001,0.003634589,0.61778605,0.584741354,0.63463819,0.000214618,0.588550687,0.651337862,0.000145393,0.925819576,0.934642971,0.916342914,0.058781832,0.904466748,0.94241333,0.89076221,0.666250587,0.87469852,0.944588602,0.000250469,0.022931119,0.00024828,0.000238725,0.857227623,0.601044655,0.000245835,0.000251429,0.000241253,0.0002471,0.942736685,0.838561773,0.000253853,0.008999298,0.000253608,0.853437245,0.678871512,0.040481698,0.846507251,0.839830875,0.000147268,0.000243238,0.024675116,0.000108931,0.833391547,0.000231884,0.859954357,0.818056583,78.91,-2.64,57.06,Day1
0.000994606,0.004753142,0.603993475,0.592986822,0.003418162,0.619380355,0.585952282,0.636277676,0.00019691,0.589564681,0.653016627,0.000132696,0.926865935,0.935634673,0.917445302,0.058524434,0.905616105,0.943348587,0.891956925,0.667968988,0.875927866,0.945507467,0.000228831,0.022524204,0.000226786,0.000217878,0.858473897,0.601830006,0.000224465,0.000229651,0.00022029,0.000225682,0.943673968,0.839811027,0.000231895,0.008536199,0.000231773,0.85471034,0.680633068,0.040126354,0.847821772,0.841190755,0.000133765,0.000222115,0.023731304,9.91e-05,0.83479619,0.000211554,0.86119169,0.819297671,83.48,-3.37,58.89,Day1
0.001126764,0.005156849,0.609422922,0.598410785,0.003824524,0.624775648,0.591404676,0.641644359,0.000232108,0.595141053,0.658345938,0.000158263,0.92528373,0.934206188,0.91570425,0.058690012,0.903717399,0.942069888,0.889891624,0.673242271,0.87369746,0.944319844,0.000270961,0.023178695,0.000268749,0.00025864,0.856097698,0.607543111,0.000266119,0.000272069,0.000261206,0.000267548,0.942539454,0.837304473,0.000274676,0.009307431,0.000274443,0.855895519,0.685850382,0.04055718,0.849216104,0.842798531,0.000160448,0.000263387,0.025277317,0.000119005,0.836613297,0.000251409,0.86217314,0.816675842,82.53,-4.42,57.7,Day1
0.001154165,0.005239779,0.609726846,0.598733544,0.003909665,0.625065088,0.591757774,0.641925573,0.000239608,0.595538139,0.658619404,0.000163719,0.925002933,0.933945775,0.91540271,0.058764096,0.903396845,0.94182986,0.889552116,0.673505902,0.873341024,0.944090247,0.00028002,0.023324816,0.000277765,0.000267407,0.855728805,0.607990742,0.000275079,0.000281195,0.000270003,0.000276548,0.942312837,0.836926699,0.00028388,0.009474442,0.000283603,0.855864346,0.68610394,0.040672485,0.849198699,0.842794538,0.000166198,0.000272259,0.025608748,0.000123266,0.836622,0.000259978,0.862127542,0.816292405,82.54,-4.35,57.27,Day1
0.001035092,0.004880174,0.602172852,0.591275692,0.00355541,0.617494643,0.584386587,0.634354591,0.000207901,0.588151693,0.651061893,0.000140548,0.926097512,0.93490082,0.916641355,0.058707692,0.904784083,0.942651093,0.89109844,0.665984154,0.875051558,0.944816232,0.000242366,0.022787401,0.00024022,0.000230898,0.857593298,0.600594401,0.000237826,0.00024327,0.000233392,0.000239058,0.942961693,0.838936388,0.000245623,0.008840583,0.000245417,0.853468955,0.678615093,0.04036691,0.846524954,0.839834929,0.000142173,0.000235312,0.024355434,0.000105165,0.833382785,0.000224241,0.860000551,0.818437099,78.9,-2.7,57.49,Day1
0.001743098,0.006886486,0.618263185,0.607491016,0.005685142,0.63339591,0.60091114,0.650134921,0.000412899,0.605332017,0.666704714,0.00029261,0.920280099,0.929591179,0.910304546,0.059919953,0.897952318,0.937842727,0.883757293,0.68142879,0.86722827,0.940313399,0.00049082,0.025915777,0.000487902,0.000472419,0.849368811,0.618513107,0.000484094,0.000493795,0.000475275,0.000486534,0.938632309,0.830378294,0.000498219,0.012762082,0.000496769,0.856830001,0.693860352,0.042595539,0.850513399,0.844455838,0.000303359,0.000479317,0.031831041,0.000225275,0.838614762,0.00046084,0.862741172,0.809607923,86.49,-3.93,50.43,Day1
0.001163732,0.005266885,0.613359213,0.602264941,0.003926003,0.628742158,0.595166326,0.645623446,0.000241832,0.598849356,0.662329316,0.000165455,0.925166011,0.934131145,0.915542543,0.058657646,0.903506756,0.942034423,0.889627516,0.677220345,0.873374224,0.944321215,0.000282249,0.023317415,0.000280033,0.000269637,0.855714023,0.611184955,0.000277301,0.000283447,0.000272209,0.000278841,0.942582428,0.836859822,0.00028616,0.009463158,0.000285929,0.857441187,0.689825892,0.040607158,0.850899756,0.84462446,0.00016776,0.000274506,0.025577163,0.000124647,0.838577926,0.000262204,0.863586843,0.816171348,86.66,-5.29,58.12,Day1
0.000881727,0.00438413,0.606879592,0.595649064,0.003049877,0.622398615,0.58829999,0.639363647,0.000167622,0.591558695,0.656157494,0.000111873,0.928380668,0.937078834,0.919030786,0.0579633,0.907256126,0.944718838,0.893645227,0.671164989,0.877643943,0.946859896,0.000193389,0.021746455,0.000191591,0.000183769,0.860189676,0.603410006,0.000189487,0.000193975,0.000185976,0.000190585,0.94505924,0.841502666,0.000195911,0.007742826,0.00019599,0.856699944,0.683889985,0.039412118,0.849896073,0.84335804,0.000111831,0.000187527,0.022083718,8.3e-05,0.837057769,0.000178299,0.863107979,0.820946276,86.39,-5.06,62.28,Day1
0.00093327,0.004550814,0.609177113,0.597947359,0.003209647,0.624679923,0.59061569,0.641632438,0.000180635,0.593934119,0.65841043,0.000121195,0.927733839,0.936495602,0.918318391,0.058056701,0.906478524,0.944197297,0.892798901,0.673393965,0.876729667,0.946375668,0.000208826,0.022039639,0.000206955,0.000198663,0.859215379,0.605852246,0.000204727,0.000209508,0.000200945,0.00020591,0.944596708,0.840475082,0.000211583,0.008054296,0.000211631,0.857221603,0.686095119,0.039617676,0.850505531,0.844056845,0.000121462,0.000202628,0.022729121,9.02e-05,0.837843895,0.000192846,0.863543868,0.819872022,86.67,-5.44,61.71,Day1
0.00106617,0.004971705,0.611393273,0.600250125,0.003623896,0.626823902,0.593066275,0.643735826,0.000215359,0.596610248,0.660473824,0.000146188,0.926285207,0.935159326,0.916755259,0.058450274,0.904808342,0.942972541,0.891020656,0.675405681,0.874853373,0.945210278,0.000250392,0.022814984,0.000248312,0.000238807,0.857263148,0.608788133,0.000245793,0.000251362,0.000241268,0.000247185,0.94345212,0.838465869,0.000253802,0.008877855,0.000253691,0.857319474,0.688053131,0.040234502,0.850696921,0.844340324,0.000147539,0.000243299,0.024409313,0.000109605,0.838214815,0.000232059,0.863546431,0.817822576,86.67,-5.44,61.71,Day1
0.00093327,0.004550814,0.609177113,0.597947359,0.003209647,0.624679923,0.59061569,0.641632438,0.000180635,0.593934119,0.65841043,0.000121195,0.927733839,0.936495602,0.918318391,0.058056701,0.906478524,0.944197297,0.892798901,0.673393965,0.876729667,0.946375668,0.000208826,0.022039639,0.000206955,0.000198663,0.859215379,0.605852246,0.000204727,0.000209508,0.000200945,0.00020591,0.944596708,0.840475082,0.000211583,0.008054296,0.000211631,0.857221603,0.686095119,0.039617676,0.850505531,0.844056845,0.000121462,0.000202628,0.022729121,9.02e-05,0.837843895,0.000192846,0.863543868,0.819872022,87.77,-5.18,59.48,Day1
0.00106617,0.004971705,0.611393273,0.600250125,0.003623896,0.626823902,0.593066275,0.643735826,0.000215359,0.596610248,0.660473824,0.000146188,0.926285207,0.935159326,0.916755259,0.058450274,0.904808342,0.942972541,0.891020656,0.675405681,0.874853373,0.945210278,0.000250392,0.022814984,0.000248312,0.000238807,0.857263148,0.608788133,0.000245793,0.000251362,0.000241268,0.000247185,0.94345212,0.838465869,0.000253802,0.008877855,0.000253691,0.857319474,0.688053131,0.040234502,0.850696921,0.844340324,0.000147539,0.000243299,0.024409313,0.000109605,0.838214815,0.000232059,0.863546431,0.817822576,87.77,-5.18,59.48,Day1
0.000780237,0.004045387,0.601801693,0.59057653,0.002733162,0.617349744,0.583196878,0.634336472,0.00014273,0.586331189,0.651159406,9.42e-05,0.929708004,0.938273311,0.920495212,0.057759892,0.908858001,0.94578445,0.895391822,0.666214049,0.879534483,0.947847188,0.000163976,0.021127397,0.000162329,0.000155434,0.862208009,0.598041892,0.000160473,0.000164386,0.000157478,0.000161403,0.946000099,0.843634844,0.000166054,0.007115565,0.000166184,0.855481744,0.67898643,0.038971797,0.848483801,0.841747999,9.36e-05,0.000158779,0.020762006,6.94e-05,0.835254788,0.000150644,0.862079263,0.823179007,85.15,-4.23,63.45,Day1
0.001168887,0.005280047,0.61480689,0.603679419,0.003938726,0.63020134,0.596539259,0.647084713,0.000243179,0.600191236,0.663789272,0.000166491,0.925082922,0.934068084,0.915438175,0.05859533,0.903378844,0.941990077,0.889473021,0.678675413,0.873190165,0.944292128,0.000283755,0.023311878,0.000281552,0.000271117,0.855499983,0.612488031,0.000278795,0.000284961,0.000273686,0.000280355,0.942568243,0.836615205,0.000287686,0.009472912,0.00028748,0.857938409,0.691277325,0.040570725,0.851448178,0.845226109,0.000168777,0.000276001,0.025593748,0.000125472,0.839232504,0.000263666,0.864035606,0.815896153,86.56,-5.78,58.44,Day1
0.001009114,0.004787625,0.617003798,0.605638862,0.003428483,0.632543802,0.598159313,0.649503589,0.000199786,0.601413846,0.666272283,0.000135132,0.927108407,0.935982168,0.917576611,0.058000229,0.905611575,0.943789303,0.891795456,0.681226075,0.875579715,0.946051061,0.00023112,0.022370815,0.000229208,0.000220282,0.857921302,0.613247395,0.000226768,0.000231954,0.000222625,0.000228138,0.944351077,0.839039207,0.000234234,0.008423553,0.000234301,0.859959245,0.693902254,0.039757419,0.853521228,0.847359121,0.000135625,0.000224522,0.023473728,0.000101054,0.841426611,0.000214021,0.866015077,0.818299353,91.62,-7.26,62.25,Day1
0.001158711,0.005251733,0.613127351,0.602035522,0.003911318,0.628510058,0.594938517,0.645391226,0.00024048,0.598619699,0.662097514,0.000164464,0.925192297,0.934153795,0.915572405,0.058648989,0.903540373,0.942053616,0.889664948,0.676989436,0.87341553,0.944337785,0.000280646,0.023293152,0.000278434,0.00026808,0.855758965,0.61095345,0.000275713,0.000281831,0.000270649,0.000277242,0.942596495,0.836908042,0.000284529,0.009436908,0.000284304,0.857357025,0.689595878,0.04059035,0.850807309,0.844523549,0.000166733,0.000272932,0.025525721,0.000123871,0.838468909,0.000260679,0.863510728,0.816222429,86.3,-5.27,58.15,Day1
0.001040854,0.004892988,0.611089945,0.599928021,0.003544955,0.626535177,0.592713594,0.643455386,0.000208618,0.596213639,0.660201192,0.000141317,0.926561594,0.935415328,0.917052388,0.058376525,0.905124664,0.943208218,0.89135617,0.675142884,0.875206053,0.945435524,0.000242292,0.022671964,0.000240251,0.000230977,0.857628703,0.608340919,0.000237786,0.000243203,0.000233407,0.00023914,0.943674505,0.838840723,0.000245573,0.008721263,0.000245497,0.857350469,0.687800646,0.040120348,0.850714207,0.844344318,0.000142434,0.00023537,0.024092998,0.000105816,0.838206232,0.00022441,0.863591611,0.818203509,87.76,-5.25,59.91,Day1
0.001050095,0.004917477,0.613989472,0.602760613,0.00356797,0.62945801,0.595462978,0.646383166,0.000210949,0.59890151,0.663126707,0.000143093,0.926398158,0.935291529,0.916846991,0.058252487,0.904872477,0.943121314,0.891051352,0.67805922,0.874842346,0.945378482,0.000244883,0.0226612,0.000242864,0.00023352,0.857205153,0.610952258,0.000240356,0.000245807,0.000235946,0.000241743,0.943646669,0.838355958,0.0002482,0.008739248,0.000248166,0.85834384,0.690709949,0.040048379,0.851810336,0.845547378,0.000144166,0.000237939,0.024124263,0.000107221,0.839515448,0.000226918,0.864487708,0.81765753,87.56,-6.2,60.54,Day1
0.001158711,0.005251733,0.613127351,0.602035522,0.003911318,0.628510058,0.594938517,0.645391226,0.00024048,0.598619699,0.662097514,0.000164464,0.925192297,0.934153795,0.915572405,0.058648989,0.903540373,0.942053616,0.889664948,0.676989436,0.87341553,0.944337785,0.000280646,0.023293152,0.000278434,0.00026808,0.855758965,0.61095345,0.000275713,0.000281831,0.000270649,0.000277242,0.942596495,0.836908042,0.000284529,0.009436908,0.000284304,0.857357025,0.689595878,0.04059035,0.850807309,0.844523549,0.000166733,0.000272932,0.025525721,0.000123871,0.838468909,0.000260679,0.863510728,0.816222429,86.3,-5.27,58.15,Day1
0.001133374,0.005175489,0.613913178,0.602769375,0.003827937,0.629326582,0.595601618,0.646224618,0.000233382,0.59920603,0.662944913,0.000159325,0.925594866,0.934536934,0.915994883,0.058553021,0.903978884,0.94241637,0.890118599,0.677850604,0.87387991,0.944695473,0.000271921,0.023146274,0.000269763,0.00025966,0.856226981,0.611450136,0.000267089,0.000273047,0.000262189,0.0002686,0.942962885,0.83737433,0.000275674,0.009260248,0.000275501,0.85792321,0.690472245,0.040460877,0.851395905,0.845136225,0.000161231,0.000264406,0.025171597,0.00011986,0.839105189,0.000252461,0.864057004,0.816682756,88.39,-5.56,58.86,Day1
0.001163732,0.005266885,0.613359213,0.602264941,0.003926003,0.628742158,0.595166326,0.645623446,0.000241832,0.598849356,0.662329316,0.000165455,0.925166011,0.934131145,0.915542543,0.058657646,0.903506756,0.942034423,0.889627516,0.677220345,0.873374224,0.944321215,0.000282249,0.023317415,0.000280033,0.000269637,0.855714023,0.611184955,0.000277301,0.000283447,0.000272209,0.000278841,0.942582428,0.836859822,0.00028616,0.009463158,0.000285929,0.857441187,0.689825892,0.040607158,0.850899756,0.84462446,0.00016776,0.000274506,0.025577163,0.000124647,0.838577926,0.000262204,0.863586843,0.816171348,86.66,-5.29,58.12,Day1
0.002514619,0.008776975,0.624948442,0.614402771,0.007934462,0.639880776,0.608207226,0.656498671,0.000670268,0.613216102,0.672947526,0.000490616,0.915732265,0.925375402,0.90541929,0.060986686,0.892765939,0.933962345,0.878269494,0.687519431,0.86147517,0.936629176,0.000809387,0.028465008,0.000806064,0.00078446,0.843419433,0.62705946,0.000801115,0.000815613,0.000786676,0.000804894,0.935040593,0.824288309,0.000822478,0.016649229,0.000818661,0.857260883,0.6997962,0.044396821,0.851224363,0.845443308,0.000518494,0.000793456,0.038631957,0.000385272,0.839865446,0.000767451,0.862886667,0.803426266,88.68,-3.22,43.97,Day1
0.001400876,0.005957165,0.61640203,0.605430007,0.004649086,0.631682754,0.59853816,0.648505509,0.000308977,0.602533579,0.665153921,0.000214856,0.923069537,0.932192802,0.913285077,0.059212938,0.90110153,0.940254211,0.887073874,0.679971576,0.870687842,0.94262749,0.000363495,0.024466949,0.000360971,0.00034847,0.852927208,0.615226626,0.000357763,0.000365344,0.000351225,0.000359689,0.940921903,0.833999753,0.000368743,0.010836471,0.000368103,0.857561231,0.692501485,0.04149054,0.851148486,0.84499979,0.000219988,0.000354207,0.028241761,0.000163486,0.83907342,0.000339365,0.86357522,0.813261867,88.13,-4.86,54.86,Day1
0.001444353,0.006084439,0.613650918,0.602788031,0.004790898,0.62887913,0.596043766,0.645680904,0.000321998,0.600185871,0.662317097,0.000224359,0.922717392,0.931833386,0.912941694,0.059471149,0.90077579,0.939890623,0.886771739,0.677126646,0.870420039,0.94224894,0.000379744,0.024736298,0.000377106,0.000364193,0.852702677,0.613054514,0.000373856,0.000381739,0.000366999,0.00037581,0.940514386,0.833826363,0.000385269,0.011143157,0.000384446,0.856331766,0.689644933,0.041766893,0.849827766,0.843582571,0.000230355,0.0003701,0.02883148,0.000170958,0.837559521,0.000354721,0.862430036,0.813145041,87.65,-3.68,53.35,Day1
0.001326858,0.005745972,0.614479661,0.603505492,0.004430239,0.629773915,0.596594632,0.646605194,0.000287787,0.600534618,0.663264275,0.000199145,0.923544765,0.932622075,0.913807034,0.059077185,0.901668489,0.940638304,0.887686729,0.678099036,0.871344328,0.942981303,0.000337984,0.024137545,0.000335532,0.000323658,0.853620768,0.613165855,0.000332476,0.000339616,0.000326383,0.000334254,0.941254377,0.834724367,0.000342796,0.01044085,0.000342278,0.857002556,0.690645635,0.041253388,0.850518405,0.844297647,0.000203437,0.00032914,0.027487768,0.000151087,0.838302195,0.000315049,0.863086939,0.814011753,85.66,-4.78,55.54,Day1
0.001176557,0.005307581,0.611748338,0.600711405,0.00397057,0.627104402,0.593688369,0.643974602,0.000245495,0.597442627,0.660674214,0.000168062,0.925020814,0.933979094,0.915404975,0.058776818,0.903381169,0.941877186,0.889517009,0.675561726,0.873284101,0.944154024,0.000286851,0.023421155,0.000284589,0.000274062,0.855648518,0.609863579,0.000281846,0.000288085,0.000276661,0.000283387,0.942398429,0.836822569,0.000290835,0.009569717,0.000290547,0.85674268,0.688162088,0.040725451,0.85014689,0.843814492,0.000170616,0.000278987,0.025791617,0.00012667,0.837711096,0.000266513,0.862939,0.816164732,86.06,-4.69,57.42,Day1
0.001323669,0.00573707,0.615335226,0.604330301,0.004415742,0.630645156,0.597380817,0.64748466,0.000286706,0.601285756,0.66415,0.000198378,0.923696935,0.932771802,0.913961649,0.059046313,0.901823461,0.940784812,0.887841284,0.67898953,0.871496201,0.943130732,0.000336503,0.024111487,0.000334071,0.000322246,0.853766918,0.613875628,0.000331014,0.000338128,0.000324956,0.00033281,0.941413164,0.834862709,0.000341299,0.010400357,0.000340803,0.857454836,0.69154191,0.041221675,0.850998342,0.844806314,0.000202526,0.000327708,0.027406847,0.000150487,0.838838696,0.000313682,0.86351335,0.814140916,87.41,-4.97,55.83,Day1
0.000635805,0.003528718,0.597907901,0.586575985,0.00227076,0.613546848,0.57899648,0.63057816,0.000109024,0.581802905,0.647445321,7.07e-05,0.931568265,0.93998152,0.922510028,0.057135656,0.9110201,0.947343051,0.897702575,0.662563682,0.881981373,0.949325502,0.00012424,0.020022715,0.000122866,0.000117308,0.864762902,0.593130112,0.000121345,0.00012443,0.000119067,0.000122057,0.9474473,0.846271813,0.000125726,0.006138026,0.000125957,0.854895234,0.675403118,0.038040135,0.847738504,0.840845585,6.96e-05,0.000120039,0.018629646,5.15e-05,0.834204078,0.000113502,0.861653507,0.825874865,79.71,-4.48,66.23,Day1
0.000626532,0.003498443,0.590403795,0.579285979,0.002254079,0.605939269,0.571961224,0.622914314,0.000107231,0.574956775,0.639742732,6.93e-05,0.931433797,0.939792573,0.922433257,0.057391588,0.91101408,0.947105944,0.897778511,0.654841065,0.882155299,0.94903326,0.000122491,0.020060388,0.000121087,0.000115574,0.865045071,0.586503983,0.000119611,0.000122671,0.000117344,0.000120269,0.947081685,0.846670628,0.000123945,0.006156655,0.000124122,0.85180676,0.66765672,0.038199555,0.844380915,0.837208211,6.84e-05,0.000118285,0.018684035,5.05e-05,0.83029151,0.00011178,0.858819664,0.826394916,73.94,-2.16,64.26,Day1
0.000579024,0.003319887,0.590114713,0.578911185,0.002094958,0.605710268,0.571456313,0.622718692,9.66e-05,0.574280262,0.639577985,6.2e-05,0.93236649,0.940660298,0.923432589,0.057136007,0.912075758,0.947909117,0.898902953,0.654712439,0.88333571,0.94980967,0.000109868,0.01964256,0.000108571,0.000103517,0.866266847,0.585627377,0.000107204,0.000109991,0.000105171,0.00010781,0.947861195,0.847921252,0.000111148,0.005796787,0.000111356,0.852281451,0.667566657,0.037829783,0.844834864,0.837643266,6.09e-05,0.000106015,0.017873045,4.5e-05,0.8307091,0.000100061,0.859317958,0.827663779,75.35,-2.52,65.74,Day1
0.000515715,0.003072514,0.590048075,0.578714848,0.001882265,0.605730295,0.571062863,0.622783959,8.28e-05,0.573632002,0.639683247,5.27e-05,0.933559239,0.941773474,0.924706101,0.056715529,0.91342324,0.948943079,0.900323272,0.654864073,0.884818017,0.95081228,9.37e-05,0.019027989,9.26e-05,8.81e-05,0.867791235,0.5846802,9.13e-05,9.38e-05,8.96e-05,9.19e-05,0.948870778,0.849469781,9.48e-05,0.005307209,9.5e-05,0.852952182,0.667768478,0.037261266,0.845490217,0.838287234,5.14e-05,9.03e-05,0.016747765,3.8e-05,0.831344604,8.51e-05,0.860009134,0.829221487,75.23,-3.19,67.64,Day1
0.000595741,0.003381822,0.591899872,0.580677629,0.002148634,0.607497573,0.573209405,0.624506235,0.000100239,0.576048493,0.641362429,6.45e-05,0.932034373,0.940366387,0.923060715,0.057147376,0.91166234,0.947651684,0.898444712,0.656487703,0.882831037,0.949575067,0.000114147,0.019762147,0.000112822,0.000107614,0.865718782,0.587413311,0.000111411,0.000114288,0.000109303,0.000112043,0.947641492,0.847332239,0.000115485,0.005907274,0.000115698,0.852761626,0.669332564,0.03790354,0.845383584,0.838262558,6.34e-05,0.000110183,0.018121019,4.69e-05,0.831397951,0.000104049,0.859732151,0.8270365,75.26,-2.95,65.62,Day1
0.000608827,0.003429656,0.594318032,0.583047569,0.002188223,0.609935045,0.575527906,0.626954079,0.000103084,0.578345537,0.643815517,6.65e-05,0.931861997,0.940226078,0.922854722,0.057120379,0.91141963,0.947541416,0.89816159,0.658939004,0.882503867,0.949488163,0.000117402,0.019840138,0.000116063,0.000110741,0.865347624,0.589685559,0.000114615,0.000117558,0.000112453,0.000115273,0.947576761,0.846917272,0.000118787,0.005979713,0.000119009,0.853616714,0.671782732,0.03793237,0.846327901,0.839299202,6.54e-05,0.000113363,0.018280625,4.84e-05,0.832525194,0.000107099,0.860501885,0.826578736,76.59,-3.61,65.91,Day1
0.000634647,0.003522656,0.59803772,0.58670783,0.002268532,0.613672137,0.579128504,0.630697489,0.000108817,0.581935346,0.647557616,7.05e-05,0.931402504,0.939830661,0.922328353,0.057087857,0.910821795,0.947206557,0.897485673,0.662668586,0.881744862,0.949195147,0.000124031,0.019997859,0.000122659,0.000117104,0.86450839,0.5932616,0.000121138,0.000124216,0.000118864,0.000121842,0.947316885,0.846000016,0.000125508,0.006134076,0.000125746,0.854771256,0.675500393,0.038003664,0.847621262,0.840735793,6.94e-05,0.000119833,0.018621653,5.14e-05,0.834102988,0.000113303,0.86152339,0.825586438,77.12,-4.6,66.05,Day1
0.000571556,0.00329126,0.589404821,0.578210235,0.002071495,0.604997396,0.570761204,0.622003198,9.5e-05,0.573578835,0.638860703,6.09e-05,0.932438314,0.940722048,0.923514724,0.057110619,0.912168503,0.94796133,0.899006963,0.653995693,0.883451343,0.949854732,0.000108005,0.019581109,0.000106721,0.000101734,0.866393447,0.584917903,0.000105373,0.00010812,0.000103372,0.000105966,0.947899759,0.848057985,0.000109258,0.005748483,0.000109467,0.852021217,0.666850626,0.03778268,0.844548106,0.837329388,5.98e-05,0.0001042,0.017764505,4.41e-05,0.830369174,9.83e-05,0.859083533,0.827809691,74.28,-2.38,65.68,Day1
0.000734744,0.003886119,0.596543252,0.585423946,0.002600609,0.612045765,0.578150988,0.62900281,0.000132207,0.581324637,0.64580524,8.67e-05,0.929798305,0.938317478,0.920632422,0.05769223,0.909047365,0.945786119,0.895637393,0.660853982,0.879841387,0.947805464,0.00015187,0.020844527,0.00015027,0.000143752,0.862578392,0.593080103,0.000148532,0.000152199,0.00014574,0.000149348,0.945905566,0.844068706,0.000153747,0.006877762,0.000153883,0.853277504,0.673618317,0.038789831,0.846091568,0.839162827,8.62e-05,0.000146923,0.020260967,6.37e-05,0.832483709,0.000139227,0.860055864,0.82367444,76.29,-3.19,62.94,Day1
0.000763986,0.003986795,0.599891841,0.588714361,0.002688552,0.615414858,0.581383407,0.632382751,0.000139043,0.584542871,0.649189591,9.16e-05,0.929521203,0.938087046,0.92030704,0.057699099,0.908670247,0.945599616,0.895204186,0.664233088,0.879348397,0.947653294,0.000159802,0.021014193,0.000158169,0.000151396,0.86202687,0.596281052,0.000156353,0.000160177,0.000153427,0.00015723,0.945785522,0.843460083,0.0001618,0.007040035,0.000161939,0.854472816,0.676993072,0.038883768,0.847409606,0.840607285,9.11e-05,0.000154683,0.020605236,6.74e-05,0.83405143,0.000146692,0.861133277,0.8230111,79.05,-3.99,63.17,Day1
0.000706407,0.003784228,0.597633719,0.586438298,0.002505884,0.613180518,0.579058886,0.630159855,0.000125452,0.582115173,0.646979988,8.2e-05,0.930223286,0.938725173,0.921074331,0.057493899,0.909501255,0.946175337,0.89610064,0.662046015,0.880307198,0.948192239,0.000143777,0.020600064,0.000142247,0.000136004,0.863038301,0.593732893,0.000140566,0.000144061,0.000137926,0.000141354,0.946304739,0.844515085,0.000145536,0.006662187,0.000145712,0.853935659,0.674829364,0.038551047,0.846784174,0.839893103,8.13e-05,0.000139049,0.019789942,6.02e-05,0.833252192,0.00013169,0.86068356,0.824101448,76.53,-3.81,63.96,Day1
0.00064716,0.003571844,0.595640481,0.584398508,0.002312797,0.611231446,0.576934576,0.628237247,0.000111718,0.579848051,0.645085216,7.25e-05,0.931272447,0.939686298,0.922214329,0.057290379,0.910730004,0.947050273,0.897421479,0.660188735,0.881716371,0.949022889,0.000127547,0.020154977,0.000126131,0.000120451,0.864521265,0.591300368,0.000124592,0.000127752,0.000122247,0.000125304,0.947121263,0.84605968,0.000129077,0.006249021,0.00012928,0.853811502,0.673011422,0.038196508,0.846576691,0.839601874,7.15e-05,0.000123239,0.018881185,5.29e-05,0.832879424,0.000116548,0.860642433,0.825696766,77.68,-3.65,65.21,Day1
0.000661374,0.003622357,0.598051667,0.586762428,0.002355406,0.613660574,0.579247832,0.630675197,0.000114888,0.582139611,0.64752692,7.47e-05,0.931098223,0.939544499,0.922006309,0.057263337,0.91048497,0.946938813,0.897135854,0.662627339,0.881386518,0.948935151,0.000131184,0.020234503,0.000129754,0.000123951,0.864147305,0.59356612,0.000128174,0.000131407,0.000125769,0.000128916,0.947055995,0.845641911,0.000132767,0.006325633,0.000132981,0.854661524,0.675447702,0.038225561,0.847515166,0.840631604,7.37e-05,0.000126796,0.019047378,5.46e-05,0.833998799,0.000119965,0.861407995,0.825236201,79.01,-4.3,65.48,Day1
0.000645918,0.003567079,0.594534278,0.583328009,0.002311714,0.61010623,0.5759058,0.62710017,0.000111512,0.578851759,0.643938482,7.23e-05,0.931158721,0.939571917,0.92210114,0.0573119,0.91061908,0.946936071,0.897313774,0.659034967,0.88161397,0.948903382,0.00012738,0.020155786,0.000125959,0.00012028,0.864426851,0.59034121,0.000124426,0.000127582,0.00012208,0.000125126,0.946990132,0.845974982,0.000128904,0.006255987,0.000129102,0.853263497,0.671849966,0.03821009,0.845990241,0.838975668,7.14e-05,0.000123067,0.018899089,5.28e-05,0.832214713,0.000116376,0.860130906,0.825622916,75.54,-3.34,64.8,Day1
0.001473223,0.006162058,0.614937425,0.604064584,0.004876646,0.63016212,0.597312212,0.646957874,0.000330525,0.601462901,0.663585424,0.000230758,0.922396183,0.931546032,0.912585378,0.059465397,0.900384247,0.939636171,0.886342406,0.678382516,0.869952321,0.942015529,0.00039006,0.024834422,0.000387407,0.000374242,0.85220015,0.614338517,0.000384088,0.000392136,0.000377056,0.000386092,0.940294802,0.83329165,0.000395749,0.011291583,0.000394901,0.856632113,0.690888882,0.041813396,0.850176513,0.843981087,0.000237123,0.000380247,0.029109916,0.00017604,0.838007331,0.000364576,0.862683654,0.812580705,86.86,-4.04,53.3,Day1
0.001173729,0.005299361,0.612606108,0.601538181,0.003957568,0.627978146,0.594476342,0.644857049,0.000244572,0.598195791,0.661563337,0.000167414,0.925170243,0.934126019,0.915557027,0.058746077,0.903533757,0.942020893,0.889669418,0.676455855,0.873434007,0.944300652,0.000285593,0.023395857,0.00028335,0.000272866,0.855792999,0.610575557,0.000280607,0.000286823,0.000275451,0.000282163,0.942554355,0.836959541,0.000289566,0.009532574,0.000289294,0.857195616,0.689062297,0.040694129,0.85062772,0.84432435,0.000169852,0.000277774,0.025715528,0.000126168,0.838249207,0.000265355,0.86336565,0.816292822,87.8,-4.89,57.71,Day1
0.001303591,0.005676727,0.616709411,0.605650306,0.004349868,0.632045269,0.598627329,0.648894906,0.000280849,0.602459073,0.665565968,0.000194131,0.92387116,0.932949483,0.914131761,0.05891791,0.90198493,0.940964401,0.88799119,0.680409312,0.871629238,0.943317652,0.000329224,0.023979787,0.000326846,0.000315212,0.853878558,0.614961386,0.00032381,0.000330787,0.000317894,0.000325593,0.941614389,0.834949017,0.000333899,0.010256132,0.00033348,0.858066678,0.692967117,0.041084986,0.851655602,0.845511734,0.000197917,0.000320594,0.02712471,0.000147162,0.839592218,0.000306816,0.864083171,0.814199209,87.65,-5.55,56.58,Day1
0.001131092,0.0051706,0.6116063,0.600526869,0.003828104,0.626992166,0.59343946,0.643879056,0.000232965,0.597109735,0.660594046,0.000158945,0.925529003,0.934453607,0.915947497,0.058645979,0.903954387,0.942317724,0.890120685,0.67549926,0.873913825,0.944578826,0.00027167,0.023176823,0.000269482,0.000259375,0.856296182,0.609433532,0.00026683,0.000272792,0.00026192,0.00026831,0.942822099,0.837481558,0.000275414,0.00928678,0.000275202,0.856973588,0.688118458,0.040528376,0.850367069,0.844024956,0.000160981,0.000264123,0.025229767,0.000119547,0.837912679,0.000252156,0.863182187,0.816829324,86.74,-4.89,58.24,Day1
0.001034279,0.004874286,0.608544052,0.59744978,0.003531844,0.623960376,0.590317965,0.640868187,0.00020708,0.593881786,0.657607794,0.000140135,0.926522315,0.935355306,0.917034924,0.058460578,0.905133486,0.943129659,0.891395092,0.67254889,0.87528044,0.94533664,0.000240691,0.022678263,0.00023863,0.000229391,0.857741714,0.606086016,0.000236196,0.000241591,0.000231831,0.000237511,0.943549216,0.838994861,0.000243944,0.008721973,0.000243835,0.85631299,0.685203969,0.040170673,0.849588394,0.843126714,0.000141342,0.000233769,0.024100073,0.000104882,0.836898506,0.000222836,0.862637758,0.818399787,85.76,-4.54,59.33,Day1
0.001066269,0.004969785,0.612611592,0.601437271,0.003622036,0.628053725,0.594213247,0.644968271,0.000215348,0.597724676,0.661705434,0.000146224,0.926229239,0.935119629,0.916681826,0.058379546,0.90471524,0.942947984,0.890905023,0.676633835,0.874712169,0.945197999,0.000250297,0.022785826,0.000248232,0.00023873,0.857095718,0.609862328,0.000245702,0.000251263,0.000241186,0.000247101,0.94345206,0.838271141,0.000253701,0.008862324,0.000253617,0.857733011,0.689278841,0.040181763,0.851153553,0.844842076,0.000147523,0.000243219,0.024375916,0.000109644,0.838761568,0.000231995,0.863919258,0.81760025,87.32,-5.63,59.82,Day1
0.001099474,0.005074112,0.611070514,0.599974751,0.003730715,0.626470745,0.592858553,0.643365741,0.000224411,0.596483111,0.660088897,0.000152728,0.925833941,0.934734583,0.916276872,0.058563378,0.904306531,0.942574918,0.890495837,0.67500484,0.874309897,0.944822907,0.000261387,0.023007637,0.000259245,0.000249423,0.856708527,0.608754456,0.00025666,0.000262434,0.000251933,0.000258089,0.943060756,0.837906182,0.000264966,0.009097718,0.000264799,0.856920242,0.687635064,0.040396713,0.85029161,0.843927622,0.000154459,0.00025405,0.024852946,0.000114696,0.837794662,0.000242426,0.863151133,0.817262709,86.38,-4.93,58.71,Day1
0.001419298,0.006006533,0.618307233,0.607297778,0.004699217,0.633599043,0.600361347,0.65042305,0.000314202,0.604328632,0.667068422,0.000218816,0.9229303,0.932081461,0.913116872,0.059167553,0.900901973,0.940169036,0.886839747,0.681878567,0.870416224,0.942563534,0.000369622,0.024512064,0.00036711,0.000354465,0.852618337,0.616985321,0.000363845,0.000371522,0.000357214,0.000365826,0.940878451,0.833653748,0.000374972,0.01090799,0.000374345,0.858225763,0.694402397,0.041487694,0.851880193,0.845800936,0.000224058,0.000360259,0.028373787,0.000166635,0.839942992,0.000345261,0.864175737,0.812879682,88.74,-5.38,55.13,Day1
0.002125432,0.007854818,0.621981382,0.611324787,0.00680592,0.63701129,0.604945421,0.653689682,0.000536463,0.609678507,0.670198977,0.000386872,0.917973161,0.927455246,0.907824039,0.060513191,0.895316303,0.935879171,0.880965948,0.684845448,0.864300251,0.938451171,0.000642961,0.027274577,0.000639778,0.0006212,0.846339345,0.623212397,0.000635372,0.000647444,0.000623863,0.000638483,0.936819136,0.827276587,0.000653064,0.014728725,0.000650529,0.857203543,0.697197914,0.043574162,0.851040125,0.845133722,0.000405185,0.000629214,0.035334468,0.000301044,0.839436054,0.000606947,0.862958848,0.806459546,89.04,-3.42,46.91,Day1
0.001546184,0.006367929,0.611162841,0.600454807,0.005115515,0.62630254,0.593923688,0.643059075,0.000352942,0.598297,0.659659147,0.000247246,0.921648502,0.930805862,0.911831141,0.059813581,0.899636865,0.938908041,0.885608971,0.674433887,0.869248271,0.941274285,0.000418179,0.025240446,0.000415344,0.000401476,0.85154134,0.611436725,0.00041195,0.000420499,0.00040437,0.000413983,0.939513147,0.832690835,0.000424331,0.01179919,0.000423188,0.85473597,0.686912775,0.042208791,0.848158062,0.841832995,0.000255196,0.000407762,0.030072911,0.00018906,0.835730433,0.000391186,0.860900164,0.812047184,83.92,-2.54,51.08,Day1
0.001444055,0.006076088,0.619229913,0.608211398,0.004770126,0.634521961,0.601268649,0.651345432,0.000321327,0.60524261,0.667988777,0.000224136,0.922822237,0.931988001,0.912993968,0.059202526,0.900764167,0.940089703,0.886686385,0.682794333,0.870247364,0.942495346,0.000378143,0.024614176,0.000375616,0.000362772,0.852435231,0.617905736,0.000372298,0.000380119,0.000365522,0.000374338,0.940820575,0.833457708,0.000383644,0.011029724,0.00038298,0.858560503,0.69531405,0.04155637,0.852247596,0.846201539,0.000229632,0.000368645,0.028602598,0.000170848,0.840375543,0.000353411,0.864478767,0.812672079,90.13,-5.46,55.0,Day1
0.001457606,0.006120904,0.61216855,0.601365268,0.004840483,0.627364933,0.594697118,0.644149423,0.000326255,0.598911345,0.660772085,0.000227459,0.922382116,0.931506276,0.912598014,0.059542112,0.900428116,0.93957305,0.886421382,0.675570428,0.870071709,0.941928029,0.000385283,0.02481549,0.000382596,0.000369526,0.852362633,0.611864805,0.000379335,0.000387316,0.000372364,0.000381264,0.940177202,0.833499074,0.000390882,0.011261215,0.000389999,0.855505228,0.688075542,0.04184844,0.848953962,0.842659354,0.000233864,0.000375494,0.029060055,0.0001734,0.836588383,0.000359913,0.861647546,0.812833607,84.5,-3.32,52.74,Day1
0.001657523,0.006657679,0.619723022,0.608852386,0.005420065,0.63491106,0.602133572,0.651676178,0.000385982,0.606399179,0.668266058,0.000272446,0.920970201,0.930255055,0.911020756,0.059665665,0.898685217,0.938477933,0.884503186,0.683009923,0.867976904,0.940942228,0.000457396,0.02553275,0.000454612,0.00043989,0.850107253,0.61939764,0.000450917,0.000460062,0.000442719,0.000453265,0.939275801,0.831096232,0.000464224,0.012248433,0.000463062,0.857758164,0.695464373,0.042266943,0.851483583,0.845472097,0.000281439,0.000446497,0.030884329,0.000209211,0.839677572,0.000428975,0.863632441,0.81029737,87.76,-4.75,52.03,Day1
0.00141687,0.006006784,0.611633062,0.600813627,0.004717465,0.62684375,0.594116807,0.643636346,0.000314276,0.598285675,0.660267055,0.000218562,0.922698975,0.931799054,0.91293931,0.059458319,0.900791824,0.939841807,0.886807621,0.675076067,0.870478094,0.942183077,0.000370703,0.024634633,0.000368064,0.000355349,0.852784336,0.61118722,0.000364879,0.000372609,0.000358168,0.000366741,0.94042623,0.833932042,0.000376055,0.011032399,0.000375258,0.855451345,0.687592149,0.041712657,0.848877966,0.842561424,0.00022439,0.000361175,0.028627703,0.000166364,0.836469591,0.000346026,0.861616194,0.813274324,84.13,-3.38,53.23,Day1
0.001642945,0.006624568,0.616839647,0.606034756,0.005385168,0.632006168,0.599398971,0.648768365,0.000381721,0.603728294,0.665362716,0.000269064,0.921144664,0.930387735,0.911239088,0.059792496,0.898952007,0.938571453,0.884823978,0.680117369,0.868357539,0.94100368,0.000452555,0.025544835,0.000449723,0.000435102,0.850548148,0.616807461,0.000446099,0.000455191,0.000437955,0.000448385,0.939305663,0.831598401,0.000459314,0.012223322,0.000458081,0.856761336,0.692579985,0.042342711,0.850385487,0.84426856,0.00027806,0.000441676,0.030844593,0.00020647,0.83836937,0.000424235,0.862731576,0.810860217,87.96,-3.77,51.35,Day1
0.00165435,0.006648836,0.618640542,0.60780257,0.005417553,0.633813381,0.60112375,0.650570929,0.000385274,0.605423093,0.667155623,0.000271863,0.9208408,0.930124164,0.910892725,0.059688024,0.898561001,0.938346446,0.884383678,0.681896389,0.86786437,0.940804899,0.0004568,0.025533758,0.000453994,0.000439269,0.850004554,0.618462026,0.000450316,0.000459453,0.000442115,0.000452622,0.939126432,0.831004918,0.000463603,0.012262009,0.000462423,0.857222438,0.694346428,0.042281933,0.850912571,0.844864547,0.000280974,0.000445877,0.030913273,0.000208737,0.839034617,0.000428339,0.863130093,0.810218573,85.66,-4.54,51.77,Day1
0.001428319,0.006029546,0.620829046,0.60975486,0.004716632,0.636146247,0.602737665,0.652978659,0.000316533,0.60664022,0.669626176,0.00022066,0.922971368,0.932144344,0.913135111,0.059082538,0.900892794,0.94025147,0.886799335,0.684433341,0.870339394,0.942667127,0.000372078,0.024505258,0.000369603,0.000356916,0.852501988,0.619216919,0.000366294,0.000374,0.000359642,0.000368334,0.941009343,0.833495617,0.000377477,0.010907105,0.000376895,0.859251678,0.696956694,0.041435789,0.852991819,0.847001553,0.000225789,0.000362725,0.028365454,0.000168119,0.841230869,0.0003477,0.865120649,0.812678814,90.73,-6.07,55.72,Day1
0.006026246,0.015615449,0.620296001,0.610925555,0.017982654,0.634461164,0.60644269,0.65067035,0.00215519,0.613550603,0.66676116,0.001697717,0.901391029,0.911764026,0.890335798,0.064055502,0.87711668,0.921115875,0.862081468,0.680937946,0.844895899,0.924161732,0.002749594,0.035873625,0.002748671,0.002704777,0.826666236,0.629814386,0.002741167,0.002778646,0.00269284,0.002751395,0.922617912,0.807519913,0.002797811,0.032668337,0.002774366,0.848367572,0.692791879,0.049417693,0.842349172,0.836548209,0.001904112,0.00271465,0.063073099,0.001396595,0.830938101,0.002660854,0.853921652,0.786770701,85.83,-1.99,28.35,Day1
0.0004735914990305,0.0029044628608971,0.5871676802635193,0.5758225917816162,0.0017428674036636,0.6028733253479004,0.5681266784667969,0.6199392080307007,7.403485506074503e-05,0.5705854892730713,0.6368539333343506,4.671603528549895e-05,0.9344298243522644,0.9425607919692992,0.925662875175476,0.056544192135334,0.9144670367240906,0.9496499300003052,0.9014586806297302,0.6520624160766602,0.8860441446304321,0.9514747262001038,8.349230483872816e-05,0.0186364501714706,8.242616604547948e-05,7.837112934794277e-05,0.8690974712371826,0.5815033912658691,8.131025970214978e-05,8.351045835297555e-05,7.976150664035231e-05,8.178805001080036e-05,0.9495127201080322,0.8508465886116028,8.441335376119241e-05,0.0049971439875662,8.465857536066324e-05,0.8523629307746887,0.6649960279464722,0.0369466356933116,0.8447864651679993,0.8374670147895813,4.537000131676905e-05,8.039776730583981e-05,0.0160241983830928,3.351132181705907e-05,0.8304110765457153,7.563496183138341e-05,0.8595322370529175,0.830659806728363,74.59,-2.73,68.31,Day2
0.0005052480264566,0.0030288544949144,0.596411406993866,0.5848524570465088,0.0018358512315899,0.6122132539749146,0.5769211053848267,0.6293348073959351,8.036480721784756e-05,0.5792511701583862,0.646285891532898,5.107087781652808e-05,0.9341705441474916,0.942392885684967,0.9253078103065492,0.0564132556319236,0.9140030741691588,0.9495657086372375,0.9008728861808776,0.6615046262741089,0.8853211402893066,0.9514660835266112,9.056079579750076e-05,0.018837034702301,8.946657180786133e-05,8.515148510923609e-05,0.868231475353241,0.5900229215621948,8.825612894725055e-05,9.060753654921427e-05,8.65957117639482e-05,8.880952373147011e-05,0.9495885372161864,0.8498337864875793,9.158445027424024e-05,0.0051574483513832,9.18686273507774e-05,0.8559208512306213,0.6744509339332581,0.0369893983006477,0.8486818075180054,0.8417114019393921,4.959492434863933e-05,8.730230911169201e-05,0.0163876675069332,3.677743006846868e-05,0.8349971771240234,8.22484798845835e-05,0.8627681732177734,0.8294997215270996,82.47,-5.32,70.26,Day2
0.0005351150175556,0.003150408854708,0.5898255109786987,0.5785362124443054,0.0019470489351078,0.6054811477661133,0.5709511637687683,0.6225230693817139,8.695641008671373e-05,0.5736034512519836,0.6394131779670715,5.546337706618942e-05,0.933287501335144,0.9415162801742554,0.924420177936554,0.056881483644247,0.9131259918212892,0.948700785636902,0.9000164270401001,0.6545836925506592,0.8845059871673584,0.9505749344825744,9.854512609308586e-05,0.0192332565784454,9.734784543979912e-05,9.27177316043526e-05,0.8674794435501099,0.5847500562667847,9.608363325241952e-05,9.862174920272082e-05,9.426033648196608e-05,9.664204117143528e-05,0.948629915714264,0.8491636514663696,9.967164805857465e-05,0.0054578301496803,9.990287071559578e-05,0.8527548909187317,0.6674766540527344,0.0374634377658367,0.8452876806259155,0.8380774259567261,5.419439185061492e-05,9.501741442363708e-05,0.0170966256409883,4.004807124147192e-05,0.8311260342597961,8.9570130512584e-05,0.8598148822784424,0.828925371170044,76.76,-2.88,67.2,Day2
0.0005877712392248,0.0033519328571856,0.5931723117828369,0.5818898677825928,0.0021185965742915,0.6088053584098816,0.5743451118469238,0.625835657119751,9.83773497864604e-05,0.5771111249923706,0.6427099704742432,6.328777089947835e-05,0.9323549270629884,0.9406744837760924,0.9233940839767456,0.057070679962635,0.9120055437088012,0.947946548461914,0.8987969160079956,0.6578513979911804,0.8831883072853088,0.9498708844184875,0.0001118662185035,0.0196781661361455,0.0001105677220039,0.0001054476597346,0.8660750985145569,0.5883917212486267,0.0001091728481696,0.0001119996377383,0.0001071104852599,0.0001098059656214,0.9479517340660096,0.8476829528808594,0.0001131776953116,0.0058287428691983,0.0001134014382841,0.853515088558197,0.6707137823104858,0.0378136895596981,0.8461794853210449,0.8391028046607971,6.210584979271516e-05,0.0001079767316696,0.0179404392838478,4.593408448272385e-05,0.8322813510894775,0.0001019509218167,0.8604462146759033,0.82737797498703,78.11,-3.41,66.44,Day2
0.0005481381667777,0.00320117874071,0.5901343822479248,0.5788636207580566,0.001990481512621,0.6057759523391724,0.5713091492652893,0.622810423374176,8.97667050594464e-05,0.5740064978599548,0.6396933794021606,5.7375615142518654e-05,0.9330346584320068,0.9412829875946044,0.9241473078727722,0.0569534599781036,0.9128338098526,0.9484867453575134,0.8997046947479248,0.6548546552658081,0.8841760754585266,0.9503698348999025,0.0001018400580505,0.0193550214171409,0.0001006147431326,9.586078522261232e-05,0.867135226726532,0.5852060317993164,9.931965178111568e-05,0.000101930607343,9.743562259245664e-05,9.989381942432374e-05,0.9484260082244872,0.8488085269927979,0.0001030118073686,0.0055561549961566,0.0001032376821967,0.8527231216430664,0.6677377223968506,0.037570297718048,0.8452699184417725,0.8380733728408813,5.613671237369999e-05,9.821865387493744e-05,0.0173227190971374,4.148234074818902e-05,0.8311349749565125,9.262388630304486e-05,0.8597686886787415,0.8285622596740723,76.77,-2.84,66.86,Day2
0.0005713850841857,0.0032880012877285,0.5938661098480225,0.5825341939926147,0.0020635474938899,0.6095272898674011,0.5749189853668213,0.6265705823898315,9.47595399338752e-05,0.5776061415672302,0.6434547901153564,6.08266782364808e-05,0.9325824975967408,0.9408941268920898,0.9236289858818054,0.0569210201501846,0.9122446179389954,0.948157548904419,0.8990378379821777,0.658605694770813,0.8834264278411865,0.9500815868377686,0.000107590589323,0.0195089634507894,0.0001063329982571,0.0001013690853142,0.866305410861969,0.5887937545776367,0.0001049724160111,0.0001077032939065,0.0001029913692036,0.0001055864122463,0.9481700658798218,0.8479005098342896,0.0001088403296307,0.0056996457278728,0.0001090819059754,0.8538834452629089,0.6714786291122437,0.0376409403979778,0.8465704917907715,0.8395187258720398,5.958333713351749e-05,0.0001038242990034,0.0176461897790431,4.4085441913921386e-05,0.8327231407165527,9.798879909794778e-05,0.8607946634292603,0.8275789618492126,77.29,-3.83,67.0,Day2
0.0004680134588852,0.0028797721024602,0.5940167307853699,0.5824378728866577,0.0017126990715041,0.6098463535308838,0.5744575262069702,0.6269845962524414,7.264642044901848e-05,0.5766820907592773,0.6439551115036011,4.584537236951292e-05,0.9349876046180724,0.943132758140564,0.9262046813964844,0.0562594793736934,0.9149805307388306,0.9502310752868652,0.9019352197647096,0.6592034697532654,0.8864673376083374,0.9520914554595948,8.161609002854675e-05,0.0184879712760448,8.05952658993192e-05,7.662664575036615e-05,0.8694514036178589,0.5873304009437561,7.947973790578544e-05,8.163142774719745e-05,7.79795300331898e-05,7.998192450031638e-05,0.9501972794532776,0.8511183261871338,8.252108818851411e-05,0.0048832828179001,8.280044130515307e-05,0.8555116653442383,0.6721806526184082,0.0367074832320213,0.8481776714324951,0.8411108255386353,4.435405935510062e-05,7.861333870096132e-05,0.0157433375716209,3.287565414211713e-05,0.8343026041984558,7.396639557555318e-05,0.8624524474143982,0.8308404088020325,82.55,-4.98,71.06,Day2
0.0012962588807567,0.0056640701368451,0.6066148281097412,0.5958471298217773,0.0043649324215948,0.621821403503418,0.5891872644424438,0.6386151313781738,0.0002798980276565,0.5933196544647217,0.6552551984786987,0.0001930292055476,0.9234495162963868,0.9324580430984496,0.9137834310531616,0.0593237243592739,0.901730179786682,0.9404123425483704,0.8878450989723206,0.6700882911682129,0.8716152906417847,0.9426886439323424,0.0003294522175565,0.0241325292736291,0.0003269085718784,0.0003152057470288,0.8540129661560059,0.6061846017837524,0.0003239852376282,0.0003310081083327,0.0003179835330229,0.0003255926130805,0.9408772587776184,0.8352444767951965,0.0003340998664498,0.0104144215583801,0.0003334691864438,0.8537793159484863,0.6826266050338745,0.0413914173841476,0.8470222353935242,0.8405181169509888,0.0001975751365534,0.0003206194087397,0.0274567045271396,0.000146205391502,0.834244430065155,0.0003066699719056,0.8601222634315491,0.8146620988845825,79.24,-2.6,53.8,Day2
0.000609996728599,0.0034342319704592,0.5954245328903198,0.5841184258460999,0.0021892481017857,0.6110605001449585,0.5765570402145386,0.6280914545059204,0.0001032738218782,0.5793423652648926,0.64496248960495,6.667626439593732e-05,0.9319746494293212,0.9403392672538756,0.9229669570922852,0.057098913937807,0.9115296006202698,0.9476543664932252,0.8982685208320618,0.6600930094718933,0.8826055526733398,0.9496064186096193,0.0001175556753878,0.0198393408209085,0.0001162212793133,0.0001108981232391,0.8654415607452393,0.5906452536582947,0.0001147680013673,0.0001177142839878,0.000112606510811,0.0001154372002929,0.9477065205574036,0.8470015525817871,0.00011894643103,0.0059730606153607,0.000119174059364,0.854163646697998,0.6729444861412048,0.0379188805818557,0.8469133377075195,0.8399244546890259,6.552184640895575e-05,0.0001135214188252,0.0182633195072412,4.849557080888189e-05,0.8331889510154724,0.0001072584855137,0.8610122799873352,0.8266521692276001,78.73,-3.92,66.33,Day2
0.0005697859451174,0.003280914388597,0.5979471206665039,0.5864813923835754,0.0020499415695667,0.6136773824691772,0.5787035822868347,0.6307600736618042,9.421712456969544e-05,0.5812579989433289,0.6476739645004272,6.0503229178721085e-05,0.9329129457473756,0.9412341117858888,0.9239490032196044,0.0567711181938648,0.9125467538833618,0.9485040307044984,0.89931720495224,0.6628451347351074,0.8836736083030701,0.95045006275177,0.0001067481061909,0.0194409247487783,0.0001055188768077,0.0001005965168587,0.8665112257003784,0.5922919511795044,0.0001041519280988,0.0001068607525667,0.0001021968928398,0.0001047894984367,0.9485796093940736,0.848057746887207,0.0001079937283066,0.0056391013786196,0.0001082610833691,0.8557646870613098,0.6757410764694214,0.0375201292335987,0.8485944271087646,0.8416911959648132,5.914291978115216e-05,0.0001030333150993,0.0175005849450826,4.385163992992602e-05,0.835040807723999,9.7257383458782e-05,0.8625411987304688,0.8276828527450562,82.5,-5.09,68.47,Day2
0.0005765784881077,0.0033090396318584,0.5911188125610352,0.5798839330673218,0.0020860396325588,0.606728732585907,0.5723888874053955,0.6237432956695557,9.601777128409594e-05,0.575178861618042,0.6406055688858032,6.165248487377539e-05,0.9323386549949646,0.9406442642211914,0.9233919382095336,0.0570582821965217,0.912019908428192,0.9479038715362548,0.8988294005393982,0.6557406187057495,0.8832413554191589,0.9498133063316344,0.0001092022139346,0.0195968896150589,0.0001079160065273,0.0001028867336572,0.8661504983901978,0.586485743522644,0.0001065508113242,0.0001093204700737,0.0001045326062012,0.0001071559599949,0.9478739500045776,0.8477814197540283,0.0001104701295844,0.0057704914361238,0.0001106903000618,0.8526204824447632,0.6685959696769714,0.0377643778920173,0.8452107906341553,0.8380581140518188,6.049763396731578e-05,0.0001053723754012,0.0178122259676456,4.469961641007103e-05,0.8311631679534912,9.94512956822291e-05,0.8596225380897522,0.827499508857727,74.54,-2.9,65.92,Day2
0.0006500891176983,0.0035793976858258,0.598344624042511,0.5870333909988403,0.0023191166110336,0.6139647364616394,0.5794847011566162,0.6309823393821716,0.0001123340043704,0.5823362469673157,0.6478350162506104,7.296675903489813e-05,0.931143045425415,0.9395910501480104,0.9220484495162964,0.0571600422263145,0.9105225801467896,0.9469865560531616,0.8971668481826782,0.6629364490509033,0.8814080953598022,0.9489845633506776,0.0001281785807805,0.0201243571937084,0.0001267748593818,0.0001210737609653,0.8641576766967773,0.5937146544456482,0.0001252174552064,0.0001283829769818,0.0001228682085638,0.0001259414275409,0.947108030319214,0.8456387519836426,0.0001297135604545,0.0062445132061839,0.0001299438154092,0.8547398447990417,0.6757582426071167,0.0381120033562183,0.8476036787033081,0.8407317399978638,7.19177769497037e-05,0.0001238699187524,0.018867515027523,5.326328391674906e-05,0.834111750125885,0.0001171652183984,0.8614777326583862,0.8252176642417908,77.13,-4.56,65.7,Day2
0.0007025941158644,0.0037650382146239,0.60820472240448,0.5966838598251343,0.0024704202078282,0.6239070892333984,0.588902473449707,0.6409642100334167,0.0001240067795151,0.591627836227417,0.6578357219696045,8.121889550238848e-05,0.9307985305786132,0.9393521547317504,0.921593964099884,0.0570530816912651,0.9099447727203368,0.9468450546264648,0.8964524269104004,0.6729296445846558,0.8805418014526367,0.9489299058914183,0.0001414268481312,0.0204044133424758,0.0001399877655785,0.0001338540314463,0.8631353378295898,0.6028554439544678,0.0001382749032927,0.0001417041203239,0.0001357160508632,0.0001391332771163,0.9471483826637268,0.8444580435752869,0.0001431671262253,0.0064986846409738,0.0001434424775652,0.8585013747215271,0.6857486963272095,0.0382036007940769,0.8517172932624817,0.8452088832855225,8.007762517081574e-05,0.0001368493540212,0.0194119065999984,5.9559250075835735e-05,0.838944137096405,0.0001296593836741,0.8649027943611145,0.8238799571990967,86.03,-7.07,67.22,Day2
0.000492594204843,0.0029827423859387,0.5860685110092163,0.5748010873794556,0.0018087985226884,0.6017279624938965,0.5672128200531006,0.6187695264816284,7.802147592883557e-05,0.5697892904281616,0.6356644630432129,4.938415440847166e-05,0.934028685092926,0.9421770572662354,0.9252445101737976,0.0567394532263278,0.9140356183052064,0.9492844939231871,0.9010165929794312,0.6508538126945496,0.8855977058410645,0.9511111974716188,8.819192589726299e-05,0.0188580434769392,8.707540109753609e-05,8.283598435809836e-05,0.8686547875404358,0.5808448195457458,8.591859659645706e-05,8.822784730000421e-05,8.427975262748078e-05,8.641414751764387e-05,0.9491360187530518,0.8504151105880737,8.917629747884348e-05,0.0051591219380497,8.940619591157883e-05,0.8516988754272461,0.6637665629386902,0.0371758490800857,0.8440864086151123,0.8367279171943665,4.809076563105919e-05,8.49509087856859e-05,0.0164071023464202,3.54958392563276e-05,0.8296322226524353,7.996369822649285e-05,0.8589000701904297,0.8302453756332397,74.34,-2.13,67.45,Day2
0.0006305775023065,0.0035105291754007,0.5942264795303345,0.5830016136169434,0.0022612968459725,0.6098125576972961,0.5755488276481628,0.6268141269683838,0.0001080212314263,0.5784499645233154,0.6436597108840942,6.992861744947731e-05,0.9314181208610536,0.9398115873336792,0.922380805015564,0.0572395250201225,0.9109179377555848,0.9471562504768372,0.8976321816444397,0.6587656736373901,0.8819501996040344,0.949114203453064,0.0001232591021107,0.0200291108340024,0.000121870325529,0.0001163369306595,0.8647769689559937,0.5898870825767517,0.0001203721258207,0.0001234410592587,0.0001181017214548,0.0001210532063851,0.9471994042396544,0.8463355898857117,0.0001247241161763,0.0061453627422451,0.0001249315828317,0.8532951474189758,0.6715905070304871,0.0381014980375766,0.8460080027580261,0.8389797210693359,6.890425720484927e-05,0.0001190565017168,0.0186528246849775,5.094994412502274e-05,0.8322058320045471,0.0001125389899243,0.8601769208908081,0.8259910345077515,75.53,-3.39,65.16,Day2
0.0006500275339931,0.0035807788372039,0.5971109867095947,0.5858328342437744,0.0023203061427921,0.6127170324325562,0.5783255100250244,0.629729151725769,0.0001123401088989,0.5812090635299683,0.6465798616409302,7.294944225577638e-05,0.9311956167221068,0.93962824344635,0.9221175312995912,0.0572294183075428,0.9106106758117676,0.9470095634460448,0.8972766399383545,0.6616822481155396,0.8815428018569946,0.948996126651764,0.0001282269950024,0.0201501734554767,0.0001268153719138,0.0001211122144013,0.8643181920051575,0.5926257371902466,0.0001252635556738,0.0001284336613025,0.0001229097106261,0.0001259840792044,0.9471081495285034,0.845826268196106,0.0001297651324421,0.006255486048758,0.0001299818541156,0.8543190956115723,0.6745043992996216,0.0381621532142162,0.8471380472183228,0.840219259262085,7.192546036094427e-05,0.0001239103003172,0.0188935026526451,5.324439189280383e-05,0.833552360534668,0.000117197734653,0.8610991835594177,0.8254327774047852,77.58,-4.13,65.46,Day2
0.0015763689298182,0.006444779690355,0.6054984927177429,0.5950118899345398,0.0052486499771475,0.6205165386199951,0.588755190372467,0.6372007131576538,0.0003637126646935,0.5933780670166016,0.6537412405014038,0.0002550584613345,0.920333981513977,0.929524302482605,0.9104811549186708,0.0599913783371448,0.8982678055763245,0.9376646280288696,0.8842240571975708,0.6684659123420715,0.8678634762763977,0.940018117427826,0.0004329707589931,0.0254267212003469,0.0004299592983443,0.0004156393406447,0.85017991065979,0.6068093776702881,0.0004265693714842,0.0004353606782387,0.0004186563601251,0.0004284270689822,0.9381927251815796,0.8313681483268738,0.0004392653354443,0.0121498880907893,0.0004379380552563,0.851455807685852,0.6808878183364868,0.0424132756888866,0.8446961641311646,0.8381819725036621,0.0002644941851031,0.0004220905830152,0.0307468604296445,0.0001952315215021,0.8318973779678345,0.000404921680456,0.8577901124954224,0.8107739090919495,69.12,-1.32,49.07,Day2
0.0013825655914843,0.0059104915708303,0.6132773160934448,0.6023744344711304,0.0046018594875931,0.6285350322723389,0.5955677032470703,0.6453534364700317,0.0003038556606043,0.5996242761611938,0.6620051860809326,0.0002109182241838,0.9232667088508606,0.9323453903198242,0.9135289788246156,0.0593301281332969,0.9013969302177428,0.9403650164604188,0.8874266147613525,0.67683345079422,0.871103823184967,0.9427042603492736,0.0003576054004952,0.0244531389325857,0.0003550510737113,0.0003426868643146,0.8534067869186401,0.6123945713043213,0.0003519133606459,0.0003594149602577,0.0003454561519902,0.0003537767333909,0.940965473651886,0.834543764591217,0.0003627631522249,0.0107842572033405,0.0003620735369622,0.8564786911010742,0.6893713474273682,0.0415478162467479,0.8499554395675659,0.8436919450759888,0.0002160155127057,0.0003483728796709,0.0281487349420785,0.0001603399141458,0.837651789188385,0.0003336634836159,0.8625975251197815,0.8138695955276489,87.98,-3.87,54.24,Day2
0.0014163117157295,0.00600316375494,0.6147958040237427,0.6038806438446045,0.0047018229961395,0.6300502419471741,0.5970641374588013,0.6468626856803894,0.0003136565501336,0.6011310815811157,0.6635055541992188,0.000218241213588,0.9229207038879396,0.9320367574691772,0.9131442308425904,0.0593331828713417,0.9009732604026794,0.9400925636291504,0.8869612216949463,0.6783204078674316,0.870596170425415,0.9424555897712708,0.0003694196930155,0.0245756972581148,0.0003668439458124,0.0003541881160344,0.852860689163208,0.6139102578163147,0.0003636268957052,0.0003713228215929,0.0003569680848158,0.0003655523760244,0.940733015537262,0.833962082862854,0.0003747679293155,0.0109583102166652,0.0003740467946045,0.8568632006645203,0.6908455491065979,0.0416113100945949,0.8503966331481934,0.8441914319992065,0.0002237329172203,0.0003599898191168,0.0284778904169797,0.0001661400019656,0.8382087349891663,0.0003449397918302,0.8629273176193237,0.8132553100585938,87.54,-4.25,54.14,Day2
0.0014287473168224,0.0060354988090693,0.6164727210998535,0.6055219173431396,0.0047347438521683,0.6317386031150818,0.5986620783805847,0.6485529541969299,0.000317176018143,0.6026992797851562,0.6651937365531921,0.0002209317608503,0.9228082299232484,0.9319484829902648,0.9130064845085144,0.0592789202928543,0.9008078575134276,0.9400269985198976,0.88676518201828,0.6800026297569275,0.8703665733337402,0.9424085021018982,0.0003735120990313,0.0245954245328903,0.0003709512820933,0.0003581996134016,0.8525974750518799,0.6154405474662781,0.0003676915366668,0.0003754452045541,0.0003609732084441,0.0003696569474413,0.9407038688659668,0.8336649537086487,0.0003789249749388,0.0110000548884272,0.0003782261337619,0.8574461936950684,0.6925231218338013,0.0415912196040153,0.851038932800293,0.8448951244354248,0.0002264756185468,0.0003640376962721,0.0285535678267478,0.0001682861766312,0.8389732241630554,0.0003488906950224,0.8634539842605591,0.812924861907959,87.79,-4.75,54.44,Day2
0.0012864323798567,0.0056344182230532,0.6123684644699097,0.6014093160629272,0.0043078796006739,0.6276700496673584,0.5945112705230713,0.6445132493972778,0.000276208971627,0.5984368324279785,0.6611888408660889,0.000190527192899,0.9241239428520204,0.93314129114151,0.9144486784934998,0.0591060779988765,0.9023732542991638,0.9410992860794068,0.8884594440460205,0.6760464906692505,0.8721864223480225,0.9434062838554382,0.0003240130317863,0.0239968765527009,0.000321587693179,0.0003100797184742,0.8545257449150085,0.6110566854476929,0.0003186347312293,0.0003255472693126,0.0003127791860606,0.0003203499363735,0.941657543182373,0.8356879949569702,0.00032861562795,0.0102245481684803,0.0003281134995631,0.8565719723701477,0.6886152029037476,0.0411957167088985,0.8500075340270996,0.8437039852142334,0.0001943626411957,0.000315416167723,0.0270722284913063,0.0001442791253793,0.8376259207725525,0.0003017459821421,0.8627337217330933,0.8150295615196228,87.94,-4.1,55.6,Day2
0.0012021579314023,0.0053866449743509,0.6116909980773926,0.6006731986999512,0.0040477351285517,0.6270368099212646,0.593682050704956,0.6439048647880554,0.0002524884184822,0.5974780321121216,0.6606038808822632,0.0001731441298034,0.9249460101127625,0.9339057207107544,0.9153295755386353,0.0588915161788463,0.9033071994781494,0.9418057799339294,0.8894463777542114,0.6754900217056274,0.8732197880744934,0.944083571434021,0.0002952519862446,0.0235734283924102,0.0002929502516053,0.00028220351669,0.8555926084518433,0.6099487543106079,0.0002901627740357,0.0002965610183309,0.0002848238218575,0.0002917536767199,0.9423278570175172,0.8367776274681091,0.0002993870584759,0.0097205769270658,0.0002990378998219,0.8567497134208679,0.6880886554718018,0.0408633574843406,0.8501523733139038,0.8438172340393066,0.000175957349711,0.0002872235199902,0.0260881818830966,0.0001306401827605,0.8377095460891724,0.0002744763914961,0.8629462122917175,0.8161327838897705,88.26,-4.36,56.91,Day2
0.0012865524040535,0.0056322389282286,0.6135855913162231,0.6025952100753784,0.0043056714348495,0.6288986802101135,0.5956569314002991,0.6457444429397583,0.0002761939540505,0.5995495319366455,0.6624191999435425,0.0001905731769511,0.924066424369812,0.9331004619598388,0.9143734574317932,0.0590345785021781,0.9022780060768129,0.9410738945007324,0.8883413672447205,0.6772733926773071,0.8720426559448242,0.9433935880661012,0.000323889486026,0.0239662453532218,0.0003214846656192,0.0003099804162047,0.8543556332588196,0.6121285557746887,0.0003185165987815,0.0003254181647207,0.0003126724623143,0.0003202409134246,0.9416574835777284,0.8354905843734741,0.000328483787598,0.0102066900581121,0.0003280171367805,0.8569872975349426,0.6898396015167236,0.0411417558789253,0.8504658937454224,0.8442073464393616,0.0001943424431374,0.0003153130528517,0.0270352754741907,0.0001443301589461,0.8381743431091309,0.0003016617265529,0.8631084561347961,0.8148045539855957,87.5,-4.56,55.96,Day2
0.0012864323798567,0.0056344182230532,0.6123684644699097,0.6014093160629272,0.0043078796006739,0.6276700496673584,0.5945112705230713,0.6445132493972778,0.000276208971627,0.5984368324279785,0.6611888408660889,0.000190527192899,0.9241239428520204,0.93314129114151,0.9144486784934998,0.0591060779988765,0.9023732542991638,0.9410992860794068,0.8884594440460205,0.6760464906692505,0.8721864223480225,0.9434062838554382,0.0003240130317863,0.0239968765527009,0.000321587693179,0.0003100797184742,0.8545257449150085,0.6110566854476929,0.0003186347312293,0.0003255472693126,0.0003127791860606,0.0003203499363735,0.941657543182373,0.8356879949569702,0.00032861562795,0.0102245481684803,0.0003281134995631,0.8565719723701477,0.6886152029037476,0.0411957167088985,0.8500075340270996,0.8437039852142334,0.0001943626411957,0.000315416167723,0.0270722284913063,0.0001442791253793,0.8376259207725525,0.0003017459821421,0.8627337217330933,0.8150295615196228,87.94,-4.1,55.6,Day2
0.0014824459794908,0.0061880443245172,0.6162552237510681,0.6053469181060791,0.0048972382210195,0.6314958930015564,0.5985525846481323,0.6482998728752136,0.0003329961618874,0.6026715040206909,0.6649328470230103,0.0002326473477296,0.9224960803985596,0.931650936603546,0.9126803278923036,0.0594519190490245,0.9004719257354736,0.93974506855011,0.8864217400550842,0.6797326803207397,0.8700209856033325,0.9421330094337464,0.0003928012156393,0.0248592309653759,0.0003901634481735,0.0003769496979657,0.8522558212280273,0.6155087351799011,0.0003868164203595,0.0003949092060793,0.000379747885745,0.0003888712381012,0.9404268860816956,0.8333328366279602,0.0003985521907452,0.0113104116171598,0.0003977092273999,0.857253909111023,0.6922429800033569,0.0418158359825611,0.8508423566818237,0.8446923494338989,0.000238980166614,0.0003829743945971,0.0291410647332668,0.0001775444252416,0.8387625217437744,0.0003672538441605,0.8632636070251465,0.8126068115234375,89.3,-4.27,53.52,Day2
0.0013146690325811,0.0057139261625707,0.6147443652153015,0.6037420034408569,0.0043870736844837,0.6300585865974426,0.5967955589294434,0.6469043493270874,0.0002840466040652,0.6006967425346375,0.6635775566101074,0.0001963834656635,0.9239330887794496,0.9329851865768432,0.9142218232154846,0.0590781942009925,0.9021077752113342,0.940976083278656,0.8881518840789795,0.6784267425537109,0.8718338012695312,0.9433094263076782,0.0003332502092234,0.0240911822766065,0.0003308232408016,0.0003190879942849,0.854128897190094,0.6132844686508179,0.0003277936193626,0.0003348591271787,0.0003217888879589,0.0003295841743238,0.9415859580039978,0.8352475762367249,0.0003380083071533,0.0103493714705109,0.0003375037049409,0.8574087023735046,0.6909884810447693,0.0412269532680511,0.8509286642074585,0.8447122573852539,0.0002004055713769,0.0003245163534302,0.027308452874422,0.0001489057613071,0.8387197256088257,0.000310590112349,0.8634896278381348,0.8145471215248108,89.25,-4.68,55.8,Day2
0.0014253130648285,0.0060261688195168,0.6173266172409058,0.6063453555107117,0.0047192508354783,0.6326079368591309,0.5994470119476318,0.6494303345680237,0.0003159853222314,0.6034491062164307,0.6660770177841187,0.000220080895815,0.9229615926742554,0.9320995211601256,0.913162350654602,0.0592479221522808,0.9009639620780944,0.94017493724823,0.8869208097457886,0.6808903813362122,0.8705192804336548,0.9425593614578248,0.0003718743682838,0.0245689041912555,0.0003693359030876,0.0003566366212908,0.8527443408966064,0.6161487698554993,0.0003660751681309,0.0003738004597835,0.0003593950823415,0.0003680596128106,0.940864086151123,0.8338040113449097,0.0003772718191612,0.010957421734929,0.0003765957371797,0.8578972816467285,0.6934164762496948,0.0415592603385448,0.8515174388885498,0.8454022407531738,0.0002254616993013,0.0003624542732723,0.028469568118453,0.0001676191895967,0.8395078778266907,0.0003473769174888,0.863879382610321,0.8130545616149902,89.53,-4.94,54.73,Day2
0.0012529913801699,0.0055345431901514,0.6141393184661865,0.6030994057655334,0.0041981530375778,0.6294829845428467,0.5960919857025146,0.6463454365730286,0.0002665441716089,0.5999058485031128,0.6630345582962036,0.000183512471267,0.9245010614395142,0.9335121512413024,0.914831519126892,0.0589293204247951,0.9027554392814636,0.9414618015289308,0.8888375163078308,0.6779035329818726,0.8725529313087463,0.9437736868858336,0.0003120387846138,0.0237904731184244,0.0003096953441854,0.0002985106257256,0.8548725843429565,0.6123934984207153,0.0003067872603423,0.0003134775033686,0.0003011619846802,0.0003084806667175,0.942043662071228,0.8360085487365723,0.0003164478112012,0.0099879866465926,0.0003160549385938,0.8574705719947815,0.6904858350753784,0.0409936234354972,0.8509632349014282,0.844720184803009,0.0001867784594651,0.000303712033201,0.0266072060912847,0.0001387881056871,0.8387025594711304,0.000290452298941,0.8635799288749695,0.8153189420700073,89.23,-4.83,56.7,Day2
0.0006741491379216,0.0036707087419927,0.5988620519638062,0.5875598192214966,0.0023933837655931,0.6144781112670898,0.5800378322601318,0.6315010786056519,0.0001177176454802,0.5829372406005859,0.6483607292175293,7.668681064387783e-05,0.9311674237251282,0.9396123290061952,0.9220775365829468,0.0573452226817607,0.9105584621429444,0.9470052719116212,0.8972126841545105,0.6634665727615356,0.8814674019813538,0.9490052461624146,0.0001344347547274,0.0203444138169288,0.0001329856022493,0.0001270767097594,0.8642315864562988,0.5943745374679565,0.0001313768443651,0.0001346805802313,0.0001289143838221,0.0001321497838944,0.9471350312232972,0.8457299470901489,0.0001360747264698,0.0064006657339632,0.0001362780894851,0.8551270961761475,0.6762925386428833,0.0383258163928985,0.8480085730552673,0.8411527872085571,7.56828740122728e-05,0.0001299718132941,0.0192107055336236,5.607871207757853e-05,0.8345451354980469,0.0001230145280715,0.8618460893630981,0.8253285884857178,83.0,-4.31,65.55,Day2
0.0006438595592044,0.003557251766324,0.6018128991127014,0.5903730392456055,0.002288845134899,0.6175028085708618,0.5826665759086609,0.6345618963241577,0.0001106548588722,0.5853804349899292,0.6514480113983154,7.1849295636639e-05,0.9316939115524292,0.9401302933692932,0.9226114749908448,0.0570404604077339,0.9110909700393676,0.9475117325782776,0.897737979888916,0.6665757894515991,0.8819736242294312,0.9495208859443665,0.0001259454002138,0.0200372505933046,0.0001245811290573,0.0001189737740787,0.86470627784729,0.5965996384620667,0.0001230298948939,0.0001261469878954,0.0001207329623866,0.0001237791148014,0.9476813077926636,0.8461620807647705,0.0001274633686989,0.0061478125862777,0.0001277173869311,0.8565655946731567,0.6794270277023315,0.0379946492612361,0.8495463132858276,0.8427959084510803,7.063872180879116e-05,0.000121728866361,0.0186442788690328,5.242390761850402e-05,0.836293637752533,0.0001151444375864,0.8631933331489563,0.8257097005844116,84.19,-5.56,67.23,Day2
0.0006189668201841,0.0034652834292501,0.6016696095466614,0.5901870727539062,0.0022065823432058,0.6173895001411438,0.582415759563446,0.6344653367996216,0.0001050063583534,0.5850445032119751,0.6513668298721313,6.795111403334886e-05,0.9321601986885072,0.9405633807182312,0.9231116771697998,0.0569132529199123,0.9116228818893432,0.9479119181632996,0.8983018398284912,0.6665126085281372,0.882565975189209,0.9499070644378662,0.0001192792260553,0.0198274888098239,0.0001179666651296,0.0001125965281971,0.8653197288513184,0.5961645841598511,0.0001164739078376,0.000119449388876,0.0001142989203799,0.0001171925978269,0.9480682611465454,0.8467901945114136,0.0001207037275889,0.0059654358774423,0.000120970820717,0.8567968010902405,0.6793828010559082,0.0378102697432041,0.84976726770401,0.843007504940033,6.664892862318084e-05,0.0001152424083556,0.0182352047413587,4.9475362175144255e-05,0.8364967107772827,0.0001089412544388,0.863436222076416,0.8263471126556396,84.88,-5.73,67.98,Day2
0.0005672729457728,0.0032727192156016,0.5964776277542114,0.5850478410720825,0.0020433051977306,0.61219322681427,0.5773130059242249,0.6292699575424194,9.369522740598768e-05,0.5798971652984619,0.6461814641952515,6.012638186803088e-05,0.9329880475997924,0.9412907361984252,0.9240436553955078,0.0568316131830215,0.9126636981964112,0.948543667793274,0.8994594812393188,0.6613541841506958,0.8838444948196411,0.9504761099815368,0.000106181614683,0.0194455441087484,0.0001049497077474,0.0001000473130261,0.8667114973068237,0.5909663438796997,0.0001035939785651,0.0001062932569766,0.0001016455280478,0.0001042236690409,0.9485923647880554,0.848288357257843,0.0001074211395462,0.005633280146867,0.0001076770204235,0.8552612066268921,0.6742510795593262,0.037553921341896,0.8480373620986938,0.8410784006118774,5.8786419685930014e-05,0.000102475292806,0.0174891762435436,4.3563253711909056e-05,0.8343726396560669,9.671856969362123e-05,0.8620883822441101,0.8279440999031067,82.6,-4.62,68.23,Day2
0.0006176640745252,0.0034633341711014,0.59810471534729,0.5867224931716919,0.0022078151814639,0.6137794852256775,0.5790743231773376,0.6308347582817078,0.0001048242775141,0.5817990303039551,0.6477247476577759,6.777263479307294e-05,0.9321515560150146,0.9405238032341005,0.9231360554695128,0.0570729151368141,0.9116871356964112,0.9478447437286376,0.8984123468399048,0.6628674864768982,0.8827312588691711,0.949812114238739,0.0001192137351608,0.0198792107403278,0.0001178813181468,0.0001125086273532,0.8655444383621216,0.5930327773094177,0.0001164043933385,0.0001193856151076,0.0001142203691415,0.0001171050171251,0.9479394555091858,0.8470785021781921,0.0001206380256917,0.0059930966235697,0.0001208751200465,0.8554227948188782,0.6757327318191528,0.0379233583807945,0.8482663631439209,0.8413742780685425,6.655245670117438e-05,0.0001151563992607,0.0183028429746627,4.932842421112582e-05,0.8347324132919312,0.0001088399149011,0.8621820211410522,0.8267013430595398,83.67,-4.59,67.09,Day2
0.0008027587900869,0.0041208043694496,0.6035702228546143,0.5923285484313965,0.0028031412512063,0.6191176176071167,0.5849368572235107,0.636101245880127,0.0001481631916249,0.5880852937698364,0.652917742729187,9.804207365959884e-05,0.9293638467788696,0.937968373298645,0.920110285282135,0.0577713958919048,0.9084309935569764,0.945517122745514,0.8949195742607117,0.6679602265357971,0.8790155649185181,0.9476038813591005,0.0001703621237538,0.021255824714899,0.0001686854229774,0.0001615852524992,0.8616458773612976,0.5998109579086304,0.0001667710748733,0.0001708074705675,0.0001636659144423,0.0001677384716458,0.94577294588089,0.8430323004722595,0.0001725340262055,0.0072510121390223,0.0001726625487208,0.8559533953666687,0.6807206869125366,0.0390477068722248,0.8490219712257385,0.8423546552658081,9.758624946698546e-05,0.0001650223421165,0.021049216389656,7.237908721435815e-05,0.8359287977218628,0.0001566480350447,0.862486720085144,0.8225389122962952,85.06,-4.65,63.32,Day2
0.001306241727434,0.0056943031959235,0.6109883785247803,0.6000844240188599,0.0043731043115258,0.6262630224227905,0.5932605266571045,0.6430948972702026,0.0002819687069859,0.5972594022750854,0.6597635746002197,0.0001946946576936,0.9239502549171448,0.9329640865325928,0.9142792224884032,0.0592348277568817,0.9022123217582704,0.9409201741218568,0.8883100152015686,0.6746164560317993,0.872053861618042,0.9432196617126464,0.0003311753971502,0.0241286437958478,0.0003286961582489,0.0003169970586895,0.8544145226478577,0.6099667549133301,0.0003257214557379,0.0003327711310703,0.0003197247278876,0.0003274497285019,0.9414564967155457,0.8356020450592041,0.0003358981048222,0.0103683238849043,0.0003353185020387,0.8559547662734985,0.6871787309646606,0.0413327105343341,0.8493441343307495,0.8429917693138123,0.0001988889707718,0.0003224144165869,0.0273537561297416,0.000147539351019,0.8368649482727051,0.0003084962663706,0.8621591329574585,0.8149715662002563,87.7,-3.52,54.85,Day2
0.0013119023060426,0.0057107144966721,0.6112209558486938,0.6003143787384033,0.0043895156122744,0.6264958381652832,0.5934889316558838,0.6433279514312744,0.0002835538762155,0.5974894762039185,0.6599963903427124,0.0001958671637112,0.9239235520362854,0.9329410195350648,0.9142488837242126,0.0592435635626316,0.9021782875061036,0.9409005641937256,0.8882721066474915,0.6748484373092651,0.8720121383666992,0.9432028532028198,0.0003330682229716,0.0241537503898143,0.0003305836289655,0.0003188380796927,0.8543691635131836,0.6101986169815063,0.0003275977505836,0.0003346797893755,0.0003215674660168,0.0003293382178526,0.9414421319961548,0.8355534672737122,0.000337823992595,0.0103971473872661,0.0003372357750777,0.8560396432876587,0.6874098777770996,0.0413498356938362,0.849437415599823,0.8430935144424438,0.000200114751351,0.0003242747916374,0.0274088215082883,0.0001484631357016,0.8369748592376709,0.0003103014896623,0.862235963344574,0.8149201273918152,88.05,-3.54,54.81,Day2
0.0013292783405631,0.0057558356784284,0.614351749420166,0.6033754348754883,0.0044345729984343,0.6296507120132446,0.5964642763137817,0.6464881896972656,0.0002883330744225,0.600403904914856,0.6631542444229126,0.0001995247002923,0.9237279891967772,0.9327897429466248,0.9140068292617798,0.0591265521943569,0.9018850326538086,0.9407907128334044,0.8879218101501465,0.6779966354370117,0.8715986609458923,0.9431266784667968,0.0003385534510016,0.0241674128919839,0.0003360973496455,0.0003242200473323,0.8538922667503357,0.613036572933197,0.0003330431063659,0.0003402019210625,0.0003269397711846,0.0003348431491758,0.9413989782333374,0.8350121974945068,0.0003433927486184,0.0104475179687142,0.0003428520867601,0.8571249842643738,0.6905508637428284,0.0412928238511085,0.8506338596343994,0.844405472278595,0.0002037958183791,0.0003297060902696,0.027499470859766,0.0001513761526439,0.8384012579917908,0.0003156042075715,0.8632158041000366,0.8143150806427002,88.21,-4.53,55.44,Day2
0.0006438595592044,0.003557251766324,0.6018128991127014,0.5903730392456055,0.002288845134899,0.6175028085708618,0.5826665759086609,0.6345618963241577,0.0001106548588722,0.5853804349899292,0.6514480113983154,7.1849295636639e-05,0.9316939115524292,0.9401302933692932,0.9226114749908448,0.0570404604077339,0.9110909700393676,0.9475117325782776,0.897737979888916,0.6665757894515991,0.8819736242294312,0.9495208859443665,0.0001259454002138,0.0200372505933046,0.0001245811290573,0.0001189737740787,0.86470627784729,0.5965996384620667,0.0001230298948939,0.0001261469878954,0.0001207329623866,0.0001237791148014,0.9476813077926636,0.8461620807647705,0.0001274633686989,0.0061478125862777,0.0001277173869311,0.8565655946731567,0.6794270277023315,0.0379946492612361,0.8495463132858276,0.8427959084510803,7.063872180879116e-05,0.000121728866361,0.0186442788690328,5.242390761850402e-05,0.836293637752533,0.0001151444375864,0.8631933331489563,0.8257097005844116,84.19,-5.56,67.23,Day2
0.0007601622492074,0.0039689787663519,0.6072665452957153,0.5958623886108398,0.0026593452785164,0.6228970885276794,0.5882503986358643,0.6399174928665161,0.0001377133157802,0.5911771059036255,0.6567583084106445,9.078197035705672e-05,0.9298992156982422,0.9385042786598206,0.9206427931785583,0.0573778413236141,0.9089493155479432,0.946049690246582,0.8954153060913086,0.6718196272850037,0.8794735670089722,0.9481521844863892,0.0001577359071234,0.0208648107945919,0.00015617540339,0.0001494920434197,0.8620520830154419,0.6026402711868286,0.000154334687977,0.000158102120622,0.0001514749164925,0.0001552640023874,0.9463587999343872,0.8433740139007568,0.0001597142982063,0.0069139506667852,0.0001599340612301,0.8576303124427795,0.6846029758453369,0.0386276245117187,0.8508234620094299,0.8442882299423218,8.996044925879687e-05,0.0001527374697616,0.0203191861510276,6.684599065920338e-05,0.8379952907562256,0.0001448850234737,0.8640491962432861,0.822806715965271,85.1,-6.28,65.39,Day2
0.0007072071894071,0.0037846986670047,0.6051273345947266,0.5936986207962036,0.0024904254823923,0.6207891702651978,0.5860350131988525,0.6378302574157715,0.0001251878566108,0.5888606309890747,0.6546941995620728,8.198466821340844e-05,0.9307408332824708,0.9392697811126708,0.921562910079956,0.0572300814092159,0.9099469184875488,0.9467410445213318,0.8964939117431641,0.6697872877120972,0.8806310296058655,0.9488027095794678,0.0001429697440471,0.0205003581941127,0.0001414983416907,0.0001353079860564,0.8632771968841553,0.6002082824707031,0.0001397886080667,0.0001432579447282,0.0001371907419525,0.0001406383962603,0.9469913244247437,0.844657301902771,0.0001447343965992,0.0065652905032038,0.0001449730625608,0.8573094606399536,0.682603120803833,0.0383496284484863,0.8504179120063782,0.8437970280647278,8.095042721834034e-05,0.0001383305498166,0.0195629503577947,6.012839003233239e-05,0.8374205231666565,0.0001310594088863,0.8638119697570801,0.8241394758224487,85.52,-6.01,66.29,Day2
0.0007150719757191,0.0038125086575746,0.6047313809394836,0.5933290719985962,0.0025174412876367,0.6203773021697998,0.5857012271881104,0.6374094486236572,0.0001270774373551,0.5885652303695679,0.6542657613754272,8.32965160952881e-05,0.93055260181427,0.9390914440155028,0.9213646650314332,0.0572770051658153,0.909740149974823,0.9465727806091307,0.8962789177894592,0.6693514585494995,0.8804097175598145,0.9486366510391236,0.0001452456490369,0.0205654595047235,0.0001437543978681,0.0001374847488477,0.8630529642105103,0.5999575853347778,0.0001420279586454,0.0001455442688893,0.0001393871789332,0.0001428831892553,0.9468206167221068,0.8444327116012573,0.0001470410497859,0.0066277938894927,0.0001472713047405,0.8570256233215332,0.6821591854095459,0.0384110808372497,0.8501222133636475,0.8434888124465942,8.2320038927719e-05,0.0001405434886692,0.0197008978575468,6.112619303166866e-05,0.8371000289916992,0.0001331757084699,0.8635386824607849,0.8239167332649231,84.48,-5.85,65.93,Day2
0.0005539006670005,0.0032183299772441,0.5986382365226746,0.5871236324310303,0.001996672945097,0.6143959760665894,0.5792757868766785,0.6314911246299744,9.075219713849948e-05,0.5817516446113586,0.6484139561653137,5.815029726363719e-05,0.9331387281417848,0.941451907157898,0.9241822957992554,0.0566222108900547,0.912784457206726,0.948712944984436,0.8995571136474609,0.6635940074920654,0.8839109539985657,0.9506584405899048,0.0001026680838549,0.019273716956377,0.0001014773151837,9.670556028140707e-05,0.8667409420013428,0.5926927924156189,0.0001001448545139,0.0001027614271151,9.82664350885898e-05,0.0001007628015941,0.94879549741745,0.848274827003479,0.0001038550035445,0.0055141900666058,0.000104137128801,0.8561283349990845,0.6764998435974121,0.0373486690223217,0.8489803671836853,0.8421016931533813,5.6740795116638765e-05,9.907097410177812e-05,0.0172134302556514,4.208680911688134e-05,0.8354768753051758,9.347792365588248e-05,0.8628852367401123,0.8278834819793701,81.69,-5.52,69.06,Day2
0.000719619449228,0.003827151376754,0.6072859764099121,0.5958153605461121,0.0025267910677939,0.622961699962616,0.5881048440933228,0.6400074362754822,0.0001280207652598,0.5909065008163452,0.6568712592124939,8.399876969633624e-05,0.9305899143218994,0.9391481876373292,0.9213813543319702,0.0571945682168006,0.9097317457199096,0.946646809577942,0.8962415456771851,0.6719583868980408,0.8803379535675049,0.948729932308197,0.0001462108193663,0.0205597504973411,0.0001447313552489,0.0001384354691253,0.8629435300827026,0.6022244691848755,0.000142984179547,0.0001465160603402,0.0001403347123414,0.000143863420817,0.9469390511512756,0.8442829251289368,0.0001480235223425,0.0066272541880607,0.0001482747029513,0.8580588102340698,0.684769332408905,0.0383628904819488,0.8512448072433472,0.8447040319442749,8.295613952213898e-05,0.0001415057631675,0.0196950696408748,6.167048559291288e-05,0.8384063839912415,0.0001341168390354,0.8644872903823853,0.823725163936615,86.48,-6.58,66.54,Day2
0.000738903414458,0.0038948263972997,0.606728732585907,0.595308244228363,0.0025916201993823,0.6223734617233276,0.5876672863960266,0.6394017338752747,0.0001326564379269,0.5905476808547974,0.6562504768371582,8.723090286366642e-05,0.9301877021789552,0.9387691020965576,0.92095547914505,0.0572969131171703,0.9092850685119628,0.9462912678718568,0.8957745432853699,0.6713223457336426,0.8798545598983765,0.9483814239501952,0.000151764936163,0.0207121428102254,0.0001502418454037,0.0001437554892618,0.8624505996704102,0.6019572019577026,0.0001484518288634,0.0001520978403277,0.0001456991012673,0.0001493485760875,0.9465835690498352,0.8437861204147339,0.0001536548224976,0.0067728613503277,0.0001538878277642,0.8575772047042847,0.6841166615486145,0.0385018810629844,0.8507482409477234,0.8441911339759827,8.631589298602194e-05,0.000146912105265,0.0200142189860343,6.413317169062793e-05,0.8378773927688599,0.0001392937556374,0.8640183806419373,0.8232290744781494,84.74,-6.3,65.8,Day2
0.0007011139532551,0.0037629175931215,0.604659914970398,0.5932362675666809,0.0024718025233596,0.6203207969665527,0.585576057434082,0.6373612880706787,0.0001237912656506,0.5883976221084595,0.6542252898216248,8.100549166556448e-05,0.9307897090911864,0.9393118619918824,0.9216188788414,0.0572131276130676,0.9100101590156556,0.9467766284942628,0.8965647220611572,0.6693198680877686,0.8807096481323242,0.9488332271575928,0.0001413494755979,0.020457599312067,0.0001398864696966,0.0001337494177278,0.8633631467819214,0.5997406244277954,0.0001381922629661,0.000141628072015,0.000135622525704,0.0001390296965837,0.9470174908638,0.8447499871253967,0.000143089069752,0.0065288026817142,0.0001433288416592,0.8571409583091736,0.682137131690979,0.0383178293704986,0.8502324223518372,0.8435942530632019,7.99615663709119e-05,0.0001367476070299,0.0194838214665651,5.938225513091311e-05,0.8372011184692383,0.0001295387628488,0.8636598587036133,0.8242383003234863,84.82,-5.94,66.32,Day2
0.0007276225369423,0.0038552754558622,0.6068906784057617,0.5954463481903076,0.0025542052462697,0.6225507259368896,0.5877714157104492,0.6395876407623291,0.000129953114083,0.590611457824707,0.6564439535140991,8.534292283002287e-05,0.93040132522583,0.9389694929122924,0.9211826920509338,0.0572414845228195,0.9095245599746704,0.9464782476425172,0.896026074886322,0.671523928642273,0.8801162242889404,0.9485636353492736,0.0001485383399995,0.0206250548362731,0.0001470390707254,0.0001406622614013,0.8627188205718994,0.6019740700721741,0.0001452748547308,0.0001488542329752,0.0001425813243258,0.0001461592619307,0.9467681646347046,0.8440579771995544,0.0001503824460087,0.006690333597362,0.0001506249827798,0.8577762246131897,0.6843269467353821,0.0384243540465831,0.8509504795074463,0.844397246837616,8.435975178144872e-05,0.0001437693426851,0.0198339074850082,6.269381992751732e-05,0.8380873799324036,0.0001362824987154,0.864215075969696,0.8235020637512207,85.44,-6.43,66.18,Day2
0.0055225719697773,0.0147062381729483,0.6491159796714783,0.6388184428215027,0.016099527478218,0.663674533367157,0.6331038475036621,0.6800007224082947,0.0018945896299555,0.6390204429626465,0.6961313486099243,0.0014900552341714,0.9048801064491272,0.9153984189033508,0.8936776518821716,0.0627010092139244,0.8802244067192078,0.92486971616745,0.8649161458015442,0.7103100419044495,0.8473812341690063,0.928129017353058,0.0023615008685737,0.0344189368188381,0.0023624438326805,0.0023238598369061,0.828741192817688,0.6538082361221313,0.0023547422606498,0.0023872277233749,0.0023140744306147,0.002365336054936,0.9269291758537292,0.8091438412666321,0.0024043899029493,0.0288595724850893,0.0023869720753282,0.8618825078010559,0.7222092151641846,0.0479778051376342,0.856773853302002,0.8519244194030762,0.001635629334487,0.0023349146358668,0.0574990957975387,0.0012220330536365,0.8472467064857483,0.0022875082213431,0.8665863275527954,0.7879253029823303,95.35,-5.87,34.31,Day2
0.0046919877640903,0.0132358549162745,0.6376328468322754,0.6274474859237671,0.0139775378629565,0.6522208452224731,0.6218582987785339,0.6686158776283264,0.0015303064137697,0.6278038024902344,0.684838593006134,0.0011839809594675,0.9071788191795348,0.917436420917511,0.8962427377700806,0.0626607686281204,0.8830460906028748,0.9266490936279296,0.868007242679596,0.6991330981254578,0.8507385849952698,0.9297078847885132,0.0019013407872989,0.0332757048308849,0.0018998067826032,0.001864266814664,0.8323347568511963,0.6426786184310913,0.0018925771582871,0.0019206145079806,0.0018593672430142,0.0019009201787412,0.9283364415168762,0.8129523992538452,0.0019348475616425,0.0260539669543504,0.0019213450141251,0.858360230922699,0.711134672164917,0.0474788285791873,0.8528499603271484,0.8475897312164307,0.0012929129879921,0.0018757409416139,0.0534431301057338,0.0009617863106541,0.8425108790397644,0.0018319432856515,0.8634527921676636,0.791924774646759,94.02,-3.96,35.05,Day2
0.0017770593985915,0.0069727534428238,0.6214756965637207,0.6106314659118652,0.0057706008665263,0.6366342902183533,0.6039654016494751,0.65338134765625,0.000423018267611,0.6083252429962158,0.6699520349502563,0.0003004410245921,0.9202387928962708,0.9295836687088012,0.9102284908294678,0.0598604492843151,0.8978368043899536,0.9378664493560792,0.8835982084274292,0.684670090675354,0.8670204877853394,0.940367877483368,0.0005025982391089,0.0259894020855426,0.0004997255746275,0.0004840209148824,0.8491103649139404,0.6214292049407959,0.0004958171048201,0.0005056922673247,0.0004868258256465,0.0004983933176845,0.9387229084968568,0.8300681114196777,0.0005102202412672,0.0128675187006592,0.0005087803001515,0.8581160306930542,0.6970986127853394,0.0425950847566127,0.8519094586372375,0.8459658026695251,0.0003113900020252,0.0004910001298412,0.0320133492350578,0.0002315762249054,0.8402358293533325,0.000472286628792,0.8639223575592041,0.8092464804649353,89.54,-4.67,50.94,Day2
0.0014507449232041,0.0060996320098638,0.6150981783866882,0.6042017936706543,0.0048064007423818,0.6303379535675049,0.5974156856536865,0.6471420526504517,0.0003237907076254,0.6015262007713318,0.6637768745422363,0.0002257645828649,0.9226317405700684,0.9317682981491088,0.912834405899048,0.0594080463051795,0.9006446003913879,0.939844846725464,0.8866137862205505,0.6785818934440613,0.870232343673706,0.942218780517578,0.0003817691176664,0.0247304271906614,0.0003791504423134,0.0003661915834527,0.852484941482544,0.6143552660942078,0.0003758699749596,0.000383776059607,0.0003689898003358,0.0003778489481192,0.9404997229576112,0.8335780501365662,0.0003873228852171,0.011154618114233,0.0003865310864057,0.8568321466445923,0.6910967826843262,0.0417294688522815,0.8503793478012085,0.8441874384880066,0.0002317504695383,0.0003721147950273,0.0288501121103763,0.0001720891013974,0.8382173180580139,0.0003566973318811,0.8628819584846497,0.8128663301467896,87.55,-4.17,53.69,Day2
0.0013885590014979,0.0059275394305586,0.6135091781616211,0.6026039123535156,0.0046191341243684,0.6287672519683838,0.5957955121994019,0.6455856561660767,0.0003055647248402,0.5998537540435791,0.6622371673583984,0.0002121892175637,0.9232398271560668,0.9323221445083618,0.9134984016418456,0.0593389198184013,0.9013627171516418,0.9403452277183532,0.8873884677886963,0.6770644187927246,0.8710618615150452,0.9426872730255128,0.000359649042366,0.0244785770773887,0.0003570904373191,0.000344677013345,0.8533612489700317,0.6126258373260498,0.0003539405297487,0.0003614763554651,0.000347447785316,0.0003558178432285,0.9409509897232056,0.8344950079917908,0.0003648432029876,0.0108142299577593,0.0003641444200184,0.8565633296966553,0.6896015405654907,0.0415650270879268,0.8500483632087708,0.8437932729721069,0.0002173468092223,0.0003503838379401,0.0282053370028734,0.0001613439817447,0.8377612829208374,0.0003356157976668,0.8626741170883179,0.8138179779052734,87.55,-4.17,53.69,Day2
0.0014507449232041,0.0060996320098638,0.6150981783866882,0.6042017936706543,0.0048064007423818,0.6303379535675049,0.5974156856536865,0.6471420526504517,0.0003237907076254,0.6015262007713318,0.6637768745422363,0.0002257645828649,0.9226317405700684,0.9317682981491088,0.912834405899048,0.0594080463051795,0.9006446003913879,0.939844846725464,0.8866137862205505,0.6785818934440613,0.870232343673706,0.942218780517578,0.0003817691176664,0.0247304271906614,0.0003791504423134,0.0003661915834527,0.852484941482544,0.6143552660942078,0.0003758699749596,0.000383776059607,0.0003689898003358,0.0003778489481192,0.9404997229576112,0.8335780501365662,0.0003873228852171,0.011154618114233,0.0003865310864057,0.8568321466445923,0.6910967826843262,0.0417294688522815,0.8503793478012085,0.8441874384880066,0.0002317504695383,0.0003721147950273,0.0288501121103763,0.0001720891013974,0.8382173180580139,0.0003566973318811,0.8628819584846497,0.8128663301467896,88.33,-3.89,54.2,Day2
0.0013885590014979,0.0059275394305586,0.6135091781616211,0.6026039123535156,0.0046191341243684,0.6287672519683838,0.5957955121994019,0.6455856561660767,0.0003055647248402,0.5998537540435791,0.6622371673583984,0.0002121892175637,0.9232398271560668,0.9323221445083618,0.9134984016418456,0.0593389198184013,0.9013627171516418,0.9403452277183532,0.8873884677886963,0.6770644187927246,0.8710618615150452,0.9426872730255128,0.000359649042366,0.0244785770773887,0.0003570904373191,0.000344677013345,0.8533612489700317,0.6126258373260498,0.0003539405297487,0.0003614763554651,0.000347447785316,0.0003558178432285,0.9409509897232056,0.8344950079917908,0.0003648432029876,0.0108142299577593,0.0003641444200184,0.8565633296966553,0.6896015405654907,0.0415650270879268,0.8500483632087708,0.8437932729721069,0.0002173468092223,0.0003503838379401,0.0282053370028734,0.0001613439817447,0.8377612829208374,0.0003356157976668,0.8626741170883179,0.8138179779052734,88.33,-3.89,54.2,Day2
0.0013795043341815,0.0058968025259673,0.6165626645088196,0.605567216873169,0.0045821126550436,0.6318584680557251,0.5986416339874268,0.6486895084381104,0.0003026818158105,0.6025969386100769,0.6653450727462769,0.0002102068974636,0.923303246498108,0.9324132204055786,0.9135323166847228,0.0591557770967483,0.901360273361206,0.9404609203338624,0.88734370470047,0.6801705956459045,0.8709665536880493,0.9428287744522096,0.0003557686868589,0.0243644639849662,0.0003532789414748,0.0003409743949305,0.8532108068466187,0.6152434945106506,0.0003501080209389,0.0003575568262021,0.0003437123086769,0.0003520099853631,0.9411248564720154,0.8342852592468262,0.0003608925617299,0.010704968124628,0.0003603015793487,0.8577603101730347,0.6927088499069214,0.0414072759449481,0.8513503074645996,0.8452051281929016,0.0002150037180399,0.00034663308179,0.0279894676059484,0.0001598174276296,0.839282214641571,0.0003320311952847,0.8637725114822388,0.8135467171669006,88.82,-4.98,55.25,Day2
0.0013795043341815,0.0058968025259673,0.6165626645088196,0.605567216873169,0.0045821126550436,0.6318584680557251,0.5986416339874268,0.6486895084381104,0.0003026818158105,0.6025969386100769,0.6653450727462769,0.0002102068974636,0.923303246498108,0.9324132204055786,0.9135323166847228,0.0591557770967483,0.901360273361206,0.9404609203338624,0.88734370470047,0.6801705956459045,0.8709665536880493,0.9428287744522096,0.0003557686868589,0.0243644639849662,0.0003532789414748,0.0003409743949305,0.8532108068466187,0.6152434945106506,0.0003501080209389,0.0003575568262021,0.0003437123086769,0.0003520099853631,0.9411248564720154,0.8342852592468262,0.0003608925617299,0.010704968124628,0.0003603015793487,0.8577603101730347,0.6927088499069214,0.0414072759449481,0.8513503074645996,0.8452051281929016,0.0002150037180399,0.00034663308179,0.0279894676059484,0.0001598174276296,0.839282214641571,0.0003320311952847,0.8637725114822388,0.8135467171669006,88.82,-4.98,55.25,Day2
0.0013795043341815,0.0058968025259673,0.6165626645088196,0.605567216873169,0.0045821126550436,0.6318584680557251,0.5986416339874268,0.6486895084381104,0.0003026818158105,0.6025969386100769,0.6653450727462769,0.0002102068974636,0.923303246498108,0.9324132204055786,0.9135323166847228,0.0591557770967483,0.901360273361206,0.9404609203338624,0.88734370470047,0.6801705956459045,0.8709665536880493,0.9428287744522096,0.0003557686868589,0.0243644639849662,0.0003532789414748,0.0003409743949305,0.8532108068466187,0.6152434945106506,0.0003501080209389,0.0003575568262021,0.0003437123086769,0.0003520099853631,0.9411248564720154,0.8342852592468262,0.0003608925617299,0.010704968124628,0.0003603015793487,0.8577603101730347,0.6927088499069214,0.0414072759449481,0.8513503074645996,0.8452051281929016,0.0002150037180399,0.00034663308179,0.0279894676059484,0.0001598174276296,0.839282214641571,0.0003320311952847,0.8637725114822388,0.8135467171669006,88.82,-4.98,55.25,Day2
0.0013826966751366,0.0059082121588289,0.6144933700561523,0.6035593748092651,0.0045995009131729,0.6297624707221985,0.5967124700546265,0.6465833187103271,0.000303839740809,0.6007359027862549,0.6632341146469116,0.0002109685156028,0.9232085347175598,0.9323040843009948,0.9134529829025269,0.0592583753168582,0.901300847530365,0.9403393268585204,0.8873075842857361,0.6780587434768677,0.8709590435028076,0.9426913857460022,0.0003574692236725,0.0244219414889812,0.0003549368411768,0.000342577783158,0.8532355427742004,0.6134650707244873,0.0003517830336932,0.000359271914931,0.0003453382814768,0.0003536565054673,0.9409653544425964,0.8343451619148254,0.0003626182733569,0.010765416547656,0.0003619670751504,0.8568941950798035,0.6905941367149353,0.0414934121072292,0.8504139184951782,0.8441953659057617,0.0002159928699256,0.0003482598112896,0.028110371902585,0.000160396026331,0.8382000923156738,0.0003335709334351,0.8629725575447083,0.8136434555053711,87.53,-4.33,54.6,Day2
0.0013615997740998,0.0058483416214585,0.6146542429924011,0.6036966443061829,0.0045332377776503,0.6299384832382202,0.5968159437179565,0.6467675566673279,0.0002976486866828,0.6007992625236511,0.6634257435798645,0.0002064031577901,0.9234418869018556,0.9325241446495056,0.9136998653411864,0.0592011623084545,0.9015591144561768,0.9405456781387328,0.8875769972801208,0.6782582402229309,0.8712372779846191,0.9428924918174744,0.0003498709702398,0.0243196077644824,0.0003473721153568,0.0003352082567289,0.8535187244415283,0.613481879234314,0.0003442559973336,0.0003516126889735,0.0003379500994924,0.0003461064188741,0.9411681294441224,0.8346302509307861,0.0003548977547325,0.0106347613036632,0.0003542943450156,0.8570939898490906,0.6908022165298462,0.0414101295173168,0.8506165742874146,0.844401478767395,0.0002110986970365,0.0003408112388569,0.0278592202812433,0.0001567967119626,0.8384098410606384,0.0003263614489696,0.8631705641746521,0.8139278888702393,88.22,-4.45,54.99,Day2
0.0015186244854703,0.0062850397080183,0.6177693605422974,0.606849193572998,0.0050035761669278,0.6330060958862305,0.6000453233718872,0.6498034000396729,0.0003437362029217,0.6041743755340576,0.6664267778396606,0.000240724577452,0.9221468567848206,0.9313393235206604,0.9122921228408812,0.0594549365341663,0.9000445604324341,0.9394699931144714,0.8859527111053467,0.6812125444412231,0.8695096373558044,0.9418819546699524,0.0004057775950059,0.0249837804585695,0.0004031232092529,0.000389599794289,0.8517061471939087,0.617019772529602,0.0003996909945271,0.0004079927166458,0.0003924029588233,0.0004018150793854,0.9401924014091492,0.8327476978302002,0.0004117403004784,0.0114928632974624,0.0004108608409296,0.8576366901397705,0.6937094926834106,0.0418796949088573,0.8512814044952393,0.8451892137527466,0.0002475185028742,0.000395744718844,0.0294814966619014,0.0001839665637817,0.8393163681030273,0.000379664968932,0.8635920286178589,0.8119892477989197,88.87,-4.65,53.43,Day2
0.001352597028017,0.0058202636428177,0.616491973400116,0.6054753065109253,0.004499212373048,0.6318026781082153,0.5985177755355835,0.6486420035362244,0.0002948576002381,0.6024311780929565,0.6653053164482117,0.0002044261927949,0.9235630631446838,0.9326561093330384,0.9138094186782836,0.0590899474918842,0.9016526341438292,0.940686583518982,0.8876510858535767,0.6801396012306213,0.8712866306304932,0.9430462718009948,0.0003462273452896,0.0242371670901775,0.0003437750565353,0.0003317128575872,0.8535395264625549,0.6150295734405518,0.0003406544856261,0.0003479375445749,0.0003344303404446,0.0003425190225243,0.9413414597511292,0.8346191644668579,0.0003511951363179,0.01054572686553,0.0003506584907881,0.8578751087188721,0.6926872730255127,0.0413070507347583,0.8514597415924072,0.8453096151351929,0.000208845056477,0.0003372730861883,0.0276836846023798,0.0001552585308672,0.8393822908401489,0.0003229660214856,0.8638936281204224,0.8138828873634338,89.16,-5.08,55.67,Day2
0.0014130427734926,0.0059915715828537,0.6168645024299622,0.6058878898620605,0.0046840445138514,0.6321455836296082,0.5989927649497986,0.6489681005477905,0.0003124614886473,0.6029915809631348,0.6656156778335571,0.0002174529363401,0.923015594482422,0.9321461915969848,0.9132237434387208,0.0592304430902004,0.90103280544281,0.9402146339416504,0.8869973421096802,0.6804313063621521,0.870603621006012,0.9425934553146362,0.0003676609194371,0.0245178751647472,0.0003651301085483,0.0003525303909555,0.8528358340263367,0.615687906742096,0.0003618954506237,0.0003695486229844,0.0003552870766725,0.0003638508787844,0.9408929944038392,0.8339018821716309,0.0003729833406396,0.010896785184741,0.0003723252739291,0.857729434967041,0.6929592490196228,0.041524913161993,0.8513331413269043,0.8452011346817017,0.000222708331421,0.0003583077050279,0.0283554419875144,0.0001655397354625,0.8392907977104187,0.0003433479287195,0.8637274503707886,0.8131582736968994,88.83,-4.9,54.8,Day2
0.0014536663657054,0.0061053992249071,0.6173971891403198,0.606437087059021,0.0048061911948025,0.6326636075973511,0.5995708107948303,0.6494777202606201,0.0003243706305511,0.6036146879196167,0.6661167144775391,0.0002263042115373,0.9226999878883362,0.9318548440933228,0.912883460521698,0.0593139566481113,0.9006698727607727,0.9399474859237672,0.8866117000579834,0.6809213161468506,0.870197594165802,0.942340075969696,0.0003821235732175,0.0246978960931301,0.0003795466618612,0.0003665943222586,0.8524142503738403,0.616362452507019,0.0003762338601518,0.0003841338329948,0.000369369139662,0.000378258555429,0.9406458139419556,0.8334687948226929,0.0003876884002238,0.0111228106543421,0.0003869521606247,0.8577824831008911,0.6934379935264587,0.0416600815951824,0.851408064365387,0.8452977538108826,0.0002321107167517,0.0003725126734934,0.0287838280200958,0.0001725407637422,0.8394079208374023,0.0003571279230527,0.8637583255767822,0.8127173781394958,89.19,-4.84,54.31,Day2
0.0014035685453563,0.0059651052579283,0.6174870729446411,0.6064822673797607,0.0046512670814991,0.6327834129333496,0.5995503664016724,0.6496139764785767,0.0003095468855462,0.6035124063491821,0.6662678718566895,0.0002153184177586,0.9231956005096436,0.9323201775550842,0.913409948348999,0.0591907575726509,0.9012230038642884,0.94038188457489,0.8871909976005554,0.6810889840126038,0.8707982897758484,0.9427608847618104,0.0003639704082161,0.0244659855961799,0.0003614649758674,0.0003489648806862,0.8530282974243164,0.6161655783653259,0.0003582426579669,0.0003658311325125,0.0003517059376463,0.0003602014912758,0.9410671591758728,0.8340897560119629,0.0003692386962939,0.0108244661241769,0.0003686125273816,0.8580959439277649,0.693623423576355,0.0414758399128913,0.8517188429832458,0.8456070423126221,0.0002203530311817,0.0003547033993527,0.0282152853906154,0.0001638575049582,0.8397162556648254,0.0003398698172532,0.8640763163566589,0.8133397102355957,90.22,-5.06,55.12,Day2
0.001352597028017,0.0058202636428177,0.616491973400116,0.6054753065109253,0.004499212373048,0.6318026781082153,0.5985177755355835,0.6486420035362244,0.0002948576002381,0.6024311780929565,0.6653053164482117,0.0002044261927949,0.9235630631446838,0.9326561093330384,0.9138094186782836,0.0590899474918842,0.9016526341438292,0.940686583518982,0.8876510858535767,0.6801396012306213,0.8712866306304932,0.9430462718009948,0.0003462273452896,0.0242371670901775,0.0003437750565353,0.0003317128575872,0.8535395264625549,0.6150295734405518,0.0003406544856261,0.0003479375445749,0.0003344303404446,0.0003425190225243,0.9413414597511292,0.8346191644668579,0.0003511951363179,0.01054572686553,0.0003506584907881,0.8578751087188721,0.6926872730255127,0.0413070507347583,0.8514597415924072,0.8453096151351929,0.000208845056477,0.0003372730861883,0.0276836846023798,0.0001552585308672,0.8393822908401489,0.0003229660214856,0.8638936281204224,0.8138828873634338,89.16,-5.08,55.67,Day2
0.0012316246284171,0.0054690465331077,0.6144281625747681,0.6033667922019958,0.004133591428399,0.6297821998596191,0.5963258743286133,0.6466467976570129,0.0002606186608318,0.6000999212265015,0.6633361577987671,0.0001791987888282,0.9245497584342957,0.9335630536079408,0.9148772358894348,0.0588232390582561,0.9027959704399108,0.9415143132209778,0.8888708353042603,0.6782053709030151,0.8725759387016296,0.9438278675079346,0.0003048916405532,0.0236614476889371,0.0003025842888746,0.0002915826044045,0.85488361120224,0.612539529800415,0.000299710634863,0.0003062649921048,0.0002942173450719,0.0003013630048371,0.9421003460884094,0.8360052108764648,0.0003091714461334,0.0098603721708059,0.0003088373341597,0.8575476408004761,0.6907885670661926,0.0408721975982189,0.851050078868866,0.8448182344436646,0.0001822253107093,0.0002967054897453,0.0263578947633504,0.0001354133128188,0.8388130068778992,0.000283674482489,0.8636487722396851,0.8152996301651001,87.38,-5.2,57.18,Day2
0.0011139360722154,0.0051161805167794,0.6129854917526245,0.601851224899292,0.0037709735333919,0.628398060798645,0.5946899056434631,0.6452959179878235,0.0002282059867866,0.5982872247695923,0.6620174646377563,0.0001555422932142,0.9256993532180786,0.934627115726471,0.9161139726638794,0.0585184246301651,0.904112696647644,0.9424928426742554,0.8902679085731506,0.6769271492958069,0.8740447163581848,0.9447612166404724,0.0002657935256138,0.0230501182377338,0.000263653753791,0.0002537140680942,0.8564062118530273,0.6105238199234009,0.0002610240480862,0.0002668704546522,0.0002562289009802,0.000262491434114,0.9430187940597534,0.8375667333602905,0.0002694421564228,0.0091578625142574,0.0002692888083402,0.8575871586799622,0.6895524263381958,0.0403939187526702,0.8510266542434692,0.8447332978248596,0.0001573168265167,0.0002583899477031,0.0249695032835006,0.0001169048482552,0.8386697769165039,0.0002466377045493,0.8637531399726868,0.8168869018554688,86.99,-5.46,58.97,Day2
0.0009559710160829,0.0046240473166108,0.6094810962677002,0.5982701778411865,0.0032811418641358,0.6249693036079407,0.5909690856933594,0.641913652420044,0.0001864713121904,0.5943315625190735,0.6586837768554688,0.0001253737427759,0.927461564540863,0.9362436532974244,0.9180254340171814,0.0581300519406795,0.9061663150787354,0.943965494632721,0.8924672603607178,0.6736575365066528,0.8763806223869324,0.9461541175842284,0.0002158073621103,0.0221787430346012,0.0002138981362804,0.0002053970383713,0.8588532209396362,0.6063005924224854,0.0002116200339514,0.0002165359910577,0.0002077128738164,0.0002128374035237,0.9443777203559875,0.8401033878326416,0.0002186715428251,0.0081990072503685,0.0002186946949223,0.8571906089782715,0.6863484382629395,0.0397304110229015,0.8504882454872131,0.8440529108047485,0.0001258150587091,0.0002094534720527,0.023027941584587,9.34497656999156e-05,0.8378524780273438,0.0001994199119508,0.8634986877441406,0.81949383020401,86.68,-5.37,61.29,Day2
0.0010638072853907,0.0049601742066442,0.6146846413612366,0.603448748588562,0.0036083266604691,0.6301536560058594,0.5961463451385498,0.6470787525177002,0.0002145272155757,0.5995903611183167,0.6638212203979492,0.0001456954778404,0.9263204336166382,0.9352245330810548,0.9167584776878356,0.0582783408463001,0.9047728180885316,0.9430645704269408,0.8909401297569275,0.6787505149841309,0.874719500541687,0.9453296661376952,0.0002491052146069,0.0227320883423089,0.0002470726321917,0.0002376126212766,0.8570714592933655,0.6116467714309692,0.0002445319842081,0.0002500613336451,0.0002400502708042,0.0002459498937241,0.9436052441596984,0.8382123112678528,0.000252493249718,0.0088124619796872,0.0002524487208575,0.8585948944091797,0.6913985013961792,0.0400981903076171,0.852086067199707,0.8458484411239624,0.0001468476839363,0.0002420825476292,0.0242706537246704,0.0001092476159101,0.8398407101631165,0.0002309237897861,0.8647146224975586,0.8175050616264343,88.61,-6.28,60.46,Day2
0.0009987126104533,0.0047603119164705,0.6098560094833374,0.5986851453781128,0.0034161063376814,0.6253146529197693,0.5914467573165894,0.6422425508499146,0.0001976053026737,0.5948954820632935,0.658997118473053,0.0001333637774223,0.926939845085144,0.9357590675354004,0.9174658060073853,0.0582684092223644,0.90557199716568,0.943518042564392,0.8918381929397583,0.6739522218704224,0.8757207989692688,0.9457245469093324,0.0002291693090228,0.0224361643195152,0.0002271876001032,0.0002182888565585,0.8581708669662476,0.606964111328125,0.0002248168748337,0.0002299873158335,0.0002206681820098,0.0002260947949253,0.94395112991333,0.8394054174423218,0.0002322395448572,0.0084726149216294,0.000232209888054,0.8570442795753479,0.6866234540939331,0.0399403199553489,0.8503608703613281,0.8439436554908752,0.0001341673487331,0.0002225181669928,0.0235894843935966,9.96383823803626e-05,0.8377602696418762,0.0002120065764756,0.8633320927619934,0.8187862634658813,86.34,-5.21,60.45,Day2
0.00182833627332,0.0071175787597894,0.6152286529541016,0.6045867204666138,0.0059497044421732,0.6302987337112427,0.598188042640686,0.6470152139663696,0.0004400780017022,0.6027964353561401,0.663573145866394,0.0003129044489469,0.9198647737503052,0.9291648864746094,0.9099023938179016,0.0602893866598606,0.8975749015808105,0.9374095797538756,0.883412778377533,0.678288996219635,0.8669304847717285,0.939862847328186,0.0005247751832939,0.026343123987317,0.000521681329701,0.00050545996055,0.8491283655166626,0.6162024736404419,0.0005178069113753,0.0005280972109176,0.0005083367577753,0.0005203386535868,0.9381498098373412,0.8302052021026611,0.0005327934050001,0.013291816227138,0.0005309435655362,0.8555173873901367,0.6907082796096802,0.0430060252547264,0.8491002917289734,0.8429356813430786,0.0003255892079323,0.0005126451724208,0.0327985845506191,0.000241439891397,0.8369860649108887,0.0004931956063956,0.8615204095840454,0.8095090389251709,87.87,-2.34,48.37,Day2
0.0022447810042649,0.0081517128273844,0.61897212266922,0.6084582805633545,0.0071728806942701,0.6339296698570251,0.6022770404815674,0.6505786180496216,0.0005773279699496,0.6072189807891846,0.6670690774917603,0.0004180009418632,0.9172672629356384,0.9267567992210388,0.9071120619773864,0.0608728229999542,0.8946115970611572,0.9351924657821656,0.8802757263183594,0.6816996335983276,0.8636392951011658,0.937755823135376,0.0006947091314941,0.0277568232268095,0.000691334309522,0.0006717181531712,0.845721960067749,0.621002197265625,0.0006868197815492,0.000699721800629,0.000674337032251,0.0006900505977682,0.9360923767089844,0.8267146944999695,0.000705720973201,0.0154296653345227,0.000702619261574,0.8556995987892151,0.6940315961837769,0.0440033748745918,0.849441409111023,0.8434338569641113,0.0004396951408125,0.0006800913834013,0.0365629307925701,0.0003261362435296,0.8376343846321106,0.0006564470240846,0.8615409731864929,0.8059616684913635,88.57,-2.12,44.86,Day2
0.0020213488023728,0.0076074209064245,0.616668164730072,0.6060987114906311,0.0065204626880586,0.6316799521446228,0.5998194217681885,0.6483630537986755,0.0005025675636716,0.6046022176742554,0.6648887395858765,0.0003604857483878,0.9186328053474426,0.9280187487602234,0.9085832238197328,0.0606028772890567,0.896178662776947,0.9363503456115724,0.8819399476051331,0.6795642971992493,0.8653914928436279,0.938852071762085,0.0006019460270181,0.0270393807440996,0.0005986882024444,0.0005808822461403,0.8475422859191895,0.6182070970535278,0.0005945294979028,0.0006060309242457,0.0005836799973621,0.0005973712541162,0.9371581077575684,0.8285874128341675,0.0006113298586569,0.0143068870529532,0.0006088945665396,0.8554773926734924,0.6919418573379517,0.0435138717293739,0.8491238951683044,0.8430213928222656,0.0003771319170482,0.0005886406870558,0.0346068441867828,0.0002796601038426,0.8371304869651794,0.0005672356346622,0.8614146113395691,0.8078728914260864,88.27,-1.99,46.45,Day2
0.0017122271237894,0.0068088537082076,0.6180652379989624,0.6072697639465332,0.0055878632701933,0.6332175731658936,0.6006577014923096,0.6499711275100708,0.0004029885458294,0.6050366759300232,0.6665557026863098,0.0002851072058547,0.9207389950752258,0.9300174117088318,0.9107974767684937,0.0599032714962959,0.898476779460907,0.9382362365722656,0.884314775466919,0.6812961101531982,0.8678169250488281,0.9406911134719848,0.0004784630145877,0.0258124489337205,0.0004755772824864,0.0004603872948791,0.8499820232391357,0.6181713342666626,0.0004718287673313,0.000481342227431,0.0004632310592569,0.0004742506425827,0.939007580280304,0.8310117721557617,0.0004856770683545,0.0125806462019681,0.0004842867492698,0.8570679426193237,0.6937447190284729,0.0425331406295299,0.8507386445999146,0.844668447971344,0.0002951894712168,0.0004671799542848,0.0314979702234268,0.000219269277295,0.8388139605522156,0.0004490486753638,0.862991988658905,0.8102579116821289,89.37,-3.76,50.75,Day2
0.0018285076366737,0.0071148471906781,0.6164424419403076,0.6057694554328918,0.0059466646052896,0.631523847579956,0.5993304252624512,0.6482424139976501,0.0004400540783535,0.6039050817489624,0.664799153804779,0.0003129793913103,0.9198043346405028,0.9291218519210817,0.9098235964775084,0.0602165795862674,0.8974754810333252,0.9373827576637268,0.88329017162323,0.6795114278793335,0.8667817711830139,0.9398493766784668,0.0005245760548859,0.02630958519876,0.0005215147393755,0.0005052990163676,0.848953127861023,0.6172690391540527,0.0005176159902475,0.0005278878379613,0.0005081639974378,0.0005201621097512,0.9381496906280518,0.8300025463104248,0.0005325804231688,0.0132686728611588,0.0005307874525897,0.855935275554657,0.6919281482696533,0.0429498292505741,0.8495609164237976,0.8434410691261292,0.0003255553310737,0.0005124777089804,0.032754112035036,0.0002415250637568,0.8375362157821655,0.0004930571885779,0.8618979454040527,0.8092789053916931,87.42,-2.81,48.75,Day2
0.0018892013467848,0.0072707305662333,0.6172065138816833,0.606547474861145,0.0061243916861712,0.6322736740112305,0.600135326385498,0.6489837765693665,0.0004593928460963,0.6047563552856445,0.6655317544937134,0.000327679910697,0.9194484949111938,0.9287940263748168,0.9094393849372864,0.060310274362564,0.8970654010772705,0.9370830059051514,0.8828540444374084,0.680232048034668,0.8663222789764404,0.9395668506622314,0.000548320589587,0.0265298876911401,0.000545214745216,0.0005285053048282,0.8484755754470825,0.6181725263595581,0.0005412170430645,0.0005518660182133,0.0005313460133038,0.0005438740481622,0.9378766417503356,0.8295114636421204,0.0005567475454881,0.0135807627812027,0.0005547881009988,0.8560738563537598,0.6926367878913879,0.0431072078645229,0.8497297763824463,0.8436400294303894,0.0003413899103179,0.0005358660710044,0.0333131365478038,0.0002533150254748,0.8377638459205627,0.0005158426356501,0.8620060682296753,0.8087781667709351,88.13,-2.76,48.21,Day2
0.0018362550763413,0.0071380697190761,0.6154600977897644,0.6048158407211304,0.0059719965793192,0.6305304765701294,0.5984153747558594,0.6472468972206116,0.000442551827291,0.6030253171920776,0.6638045310974121,0.0003147889510728,0.9198368191719056,0.9291406273841858,0.9098706841468812,0.0602982714772224,0.8975394368171692,0.9373889565467834,0.883373498916626,0.6785194277763367,0.8668873310089111,0.939845085144043,0.000527772353962,0.0263704657554626,0.0005246760556474,0.0005083943833597,0.8490817546844482,0.616432785987854,0.0005207872018218,0.0005311249988153,0.0005112664075568,0.0005233395495451,0.9381347298622132,0.8301553726196289,0.0005358461639843,0.0133286714553833,0.000533978047315,0.855602502822876,0.6909378170967102,0.0430237837135791,0.8491936326026917,0.8430374264717102,0.0003275955677963,0.0005156022380106,0.0328642278909683,0.0002429514715913,0.8370959162712097,0.0004960802034474,0.86159747838974,0.809456467628479,88.22,-2.36,48.34,Day2
0.00182833627332,0.0071175787597894,0.6152286529541016,0.6045867204666138,0.0059497044421732,0.6302987337112427,0.598188042640686,0.6470152139663696,0.0004400780017022,0.6027964353561401,0.663573145866394,0.0003129044489469,0.9198647737503052,0.9291648864746094,0.9099023938179016,0.0602893866598606,0.8975749015808105,0.9374095797538756,0.883412778377533,0.678288996219635,0.8669304847717285,0.939862847328186,0.0005247751832939,0.026343123987317,0.000521681329701,0.00050545996055,0.8491283655166626,0.6162024736404419,0.0005178069113753,0.0005280972109176,0.0005083367577753,0.0005203386535868,0.9381498098373412,0.8302052021026611,0.0005327934050001,0.013291816227138,0.0005309435655362,0.8555173873901367,0.6907082796096802,0.0430060252547264,0.8491002917289734,0.8429356813430786,0.0003255892079323,0.0005126451724208,0.0327985845506191,0.000241439891397,0.8369860649108887,0.0004931956063956,0.8615204095840454,0.8095090389251709,87.87,-2.34,48.37,Day2
0.0019184584962204,0.0073450547643005,0.6170461177825928,0.6064106225967407,0.006213785149157,0.6320981979370117,0.6000320911407471,0.6488000154495239,0.0004689454508479,0.6046932935714722,0.6653407216072083,0.0003349271137267,0.9192041158676147,0.9285627603530884,0.9091815948486328,0.0603684671223163,0.896796703338623,0.9368653893470764,0.8825747966766357,0.680033266544342,0.8660351037979126,0.9393548369407654,0.0005602272576652,0.0266412366181612,0.0005570850917138,0.0005401233211159,0.8481844067573547,0.618155837059021,0.0005530497292056,0.0005638856673613,0.0005429617594927,0.0005557375843636,0.9376633167266846,0.829219400882721,0.0005688579985871,0.0137471221387386,0.0005668003577739,0.8558728694915771,0.6924294829368591,0.0431937687098979,0.8495261669158936,0.8434330821037292,0.0003493032127153,0.0005475747748278,0.0336117967963218,0.0002591303491499,0.8375534415245056,0.0005272346315905,0.8618066906929016,0.8084877729415894,87.44,-2.63,47.81,Day2
0.0014041208196431,0.005968696437776,0.6143325567245483,0.6034221649169922,0.0046667368151247,0.6295865774154663,0.5966089367866516,0.6463989019393921,0.0003101595211774,0.6006726026535034,0.663042426109314,0.0002156350237783,0.9229746460914612,0.9320834279060364,0.913205623626709,0.0593156293034553,0.9010420441627502,0.9401322603225708,0.8870376944541931,0.6778593063354492,0.8706803917884827,0.9424896836280824,0.0003652333398349,0.0245246794074773,0.0003626658290158,0.0003501091850921,0.8529520034790039,0.6134483814239502,0.0003594756126403,0.0003670984006021,0.0003528879897203,0.0003613721055444,0.9407619833946228,0.8340598344802856,0.000370507070329,0.0108976643532514,0.0003698062500916,0.856694221496582,0.690386176109314,0.0415768921375274,0.8502111434936523,0.8439890742301941,0.0002210000384366,0.0003558706084731,0.0283637586981058,0.0001640784175833,0.8379901647567749,0.000340939121088,0.8627743721008301,0.8133587837219238,86.84,-4.2,54.21,Day2
0.0011792806908488,0.0053178472444415,0.6096695065498352,0.5986952185630798,0.003985655028373,0.6249973773956299,0.5917514562606812,0.6418557167053223,0.0002464334247633,0.5955736637115479,0.6585488319396973,0.0001686707837507,0.9249281287193298,0.9338723421096802,0.915327250957489,0.0588787943124771,0.9033228754997252,0.9417583346366882,0.8894815444946289,0.6734340190887451,0.8732767701148987,0.9440197348594666,0.0002882225671783,0.0234764777123928,0.0002859254309441,0.0002753507869783,0.8556729555130005,0.6080761551856995,0.0002831951132975,0.0002894681238103,0.0002779699862003,0.000284712499706,0.9422422647476196,0.8368818759918213,0.0002922263520304,0.0096238171681761,0.0002918905520346,0.8558714389801025,0.6860302686691284,0.0408102385699749,0.8492043018341064,0.8427973389625549,0.000171401159605,0.0002802972740028,0.0259032770991325,0.0001271295623155,0.8366204500198364,0.0002677481679711,0.8621348738670349,0.8162605166435242,84.76,-4.03,56.77,Day2
0.0014254488050937,0.0060238502919673,0.6185380220413208,0.6075261831283569,0.0047168377786874,0.6338298916816711,0.6005882620811462,0.6506537199020386,0.0003159678890369,0.60455721616745,0.6672986745834351,0.0002201346360379,0.922903299331665,0.9320580959320068,0.9130861163139344,0.0591762885451316,0.900867521762848,0.940149188041687,0.8868013620376587,0.6821076273918152,0.8703739643096924,0.9425464272499084,0.0003717340296134,0.0245375651866197,0.0003692179743666,0.0003565234364941,0.852572500705719,0.6172155141830444,0.0003659404756035,0.0003736523794941,0.0003592726134229,0.000367935426766,0.9408639669418336,0.8336046934127808,0.0003771216724999,0.0109382970258593,0.0003764850262086,0.8583095073699951,0.69463050365448,0.0415048599243164,0.8519721031188965,0.8459011912345886,0.0002254386927234,0.0003623369848355,0.0284308046102523,0.0001676783285802,0.8400511741638184,0.0003472810785751,0.8642515540122986,0.8128277063369751,89.09,-5.4,55.1,Day2
0.0011143749579787,0.0051192780956625,0.6098173260688782,0.5987789630889893,0.0037835305556654,0.6251857280731201,0.5917371511459351,0.6420631408691406,0.0002286572562297,0.5954350829124451,0.6587721109390259,0.0001557713112561,0.9254849553108216,0.93439781665802,0.9159153699874878,0.0586419813334941,0.9039363861083984,0.942251443862915,0.8901182413101196,0.673675537109375,0.8739292621612549,0.9444990158081056,0.0002667165535967,0.0231054797768592,0.0002645307395141,0.0002545458555687,0.8563313484191895,0.6077922582626343,0.000261922716163,0.0002677951415535,0.0002570907527115,0.0002633449912536,0.9427230954170228,0.8375372290611267,0.0002703685313463,0.0092198951169848,0.0002701603225432,0.8561812043190002,0.6862916946411133,0.0404924340546131,0.8495132327079773,0.8431078791618347,0.0001577790681039,0.0002592407690826,0.0251013487577438,0.0001170624818769,0.8369346261024475,0.0002474139619152,0.8624486327171326,0.8169056177139282,83.58,-4.58,58.06,Day2
0.001901201554574,0.0072985514998435,0.6197313070297241,0.6090062856674194,0.0061470670625567,0.6348247528076172,0.6025122404098511,0.6515442132949829,0.0004628018359653,0.6070671081542969,0.6680954694747925,0.0003304411948192,0.919491171836853,0.9288596510887146,0.9094582796096802,0.0602237582206726,0.8970558047294617,0.937169313430786,0.8828123807907104,0.6827939748764038,0.866243302822113,0.9396754503250122,0.0005519640981219,0.0265225563198328,0.0005489166942425,0.0005321592907421,0.8483564257621765,0.6204016208648682,0.0005448602023534,0.0005555479438044,0.0005349584389477,0.0005476029473356,0.9380136132240297,0.8293501138687134,0.0005604671314358,0.0135796573013067,0.0005585672333836,0.85711270570755,0.6951993703842163,0.0430533997714519,0.8508546352386475,0.8448542356491089,0.0003440273285377,0.0005395339103415,0.0333034321665763,0.0002555706596467,0.8390658497810364,0.0005194860277697,0.8629635572433472,0.8085739612579346,90.12,-3.44,48.82,Day2
0.0020476847421377,0.0076568773947656,0.6253269910812378,0.6145364046096802,0.0065587470307946,0.6404207944869995,0.607974648475647,0.6571238040924072,0.0005099732661619,0.612523078918457,0.6736470460891724,0.0003668524441309,0.9185349941253662,0.928020179271698,0.9083815813064576,0.0602104030549526,0.8958572745323181,0.9364429712295532,0.8814835548400879,0.6883034110069275,0.8647811412811279,0.939030647277832,0.0006092773983255,0.0269214138388633,0.0006062649190425,0.000588379567489,0.8467710614204407,0.6258352994918823,0.0006018898566253,0.0006134145660325,0.0005910393083468,0.000604975677561,0.9374344348907472,0.8276489973068237,0.0006187850958667,0.0142300501465797,0.0006166729726828,0.8587918877601624,0.7006706595420837,0.0432353615760803,0.8527355194091797,0.8469425439834595,0.000382862315746,0.0005961449933238,0.034446470439434,0.0002849631418939,0.8413577079772949,0.0005747973336838,0.8644483685493469,0.8067659139633179,90.9,-4.77,48.81,Day2
0.0018281342927366,0.007105085067451,0.6220059394836426,0.6111783385276794,0.0059209121391177,0.6371496915817261,0.604541003704071,0.6538879871368408,0.0004391401598695,0.6089454889297485,0.6704499125480652,0.0003126697556581,0.9199127554893494,0.9292821288108826,0.9098775386810304,0.059944774955511,0.8974635004997253,0.937589466571808,0.8832024931907654,0.6851567029953003,0.8666049242019653,0.9401053190231324,0.0005223642219789,0.0261799376457929,0.0005194536061026,0.0005033272318542,0.8486799597740173,0.6220999956130981,0.0005154584650881,0.0005256471340544,0.0005061192205175,0.0005181261221878,0.938467264175415,0.8296270966529846,0.0005303343641571,0.0131338974460959,0.0005287645617499,0.8581690788269043,0.6975738406181335,0.0427336283028125,0.8519842028617859,0.8460620045661926,0.0003245351836085,0.0005104636657051,0.0324951186776161,0.0002413696929579,0.8403524160385132,0.0004912388394586,0.8639532327651978,0.8087984919548035,89.9,-4.6,50.44,Day2
0.001508588087745,0.0062548839487135,0.6196013689041138,0.6086228489875793,0.0049660331569612,0.6348638534545898,0.6017426252365112,0.6516703963279724,0.0003405119641683,0.6058015823364258,0.6682979464530945,0.0002384196268394,0.9222699999809264,0.931473433971405,0.9124033451080322,0.0593432672321796,0.9001393914222717,0.9396132826805116,0.8860278129577637,0.6830846667289734,0.869559645652771,0.942038357257843,0.0004015514277853,0.024899149313569,0.0003989482938777,0.0003855373070109,0.8517271876335144,0.6185621619224548,0.0003955105203203,0.0004037283360958,0.0003883164317812,0.0003976508742198,0.9403684139251708,0.8327364921569824,0.0004074451280757,0.0113967172801494,0.0004066443652845,0.8584153652191162,0.6955847144126892,0.0417755059897899,0.8521214723587036,0.8460936546325684,0.0002448756422381,0.000391635519918,0.0292960219085216,0.0001821613986976,0.8402844667434692,0.0003757148515433,0.8643131852149963,0.8119438886642456,89.81,-5.28,54.12,Day2
0.0013382548931986,0.0057813730090856,0.613727331161499,0.6027793884277344,0.0044658305123448,0.6290106177330017,0.5959053039550781,0.6458396911621094,0.0002910479961428,0.5998817086219788,0.6624990701675415,0.0002015032659983,0.9235491156578064,0.932616889476776,0.913821816444397,0.0591662153601646,0.9016959071159364,0.940624475479126,0.8877292275428772,0.6773355603218079,0.8714049458503723,0.942960262298584,0.0003419873246457,0.0242186952382326,0.0003395059611648,0.00032753314008,0.8537006974220276,0.6125575304031372,0.0003364395815879,0.0003436595143284,0.0003302686091046,0.0003382350550964,0.9412257075309752,0.8348251581192017,0.0003468752256594,0.0105173392221331,0.0003463054308667,0.856756329536438,0.6898829936981201,0.0413416661322116,0.8502458333969116,0.8439970016479492,0.0002059740072581,0.0003330573963467,0.027636170387268,0.0001529302680864,0.8379729390144348,0.0003188344126101,0.8628650307655334,0.8141343593597412,86.81,-4.36,55.12,Day2
0.0013497491599991,0.005817003082484,0.6129744052886963,0.6020528078079224,0.0045017073862254,0.6282468438148499,0.5952156782150269,0.645073413848877,0.0002943458384834,0.5992286205291748,0.6617332100868225,0.0002038891107076,0.923553466796875,0.932611644268036,0.9138365387916564,0.0592553429305553,0.901723325252533,0.9406107068061828,0.8877717852592468,0.676571249961853,0.8714655637741089,0.9429392218589784,0.000346037762938,0.0243001095950603,0.0003435261896811,0.000331453687977,0.8537805676460266,0.6119488477706909,0.000340451253578,0.0003477510472293,0.0003342005657032,0.0003422637528274,0.9411970376968384,0.8349258899688721,0.0003510035166982,0.0105943894013762,0.0003503801708575,0.856509804725647,0.6891194581985474,0.0414301268756389,0.8499727845191956,0.8436959385871887,0.0002085417654598,0.0003370215708855,0.0277853403240442,0.0001547968713566,0.8376432061195374,0.0003226659318897,0.8626429438591003,0.8142569065093994,87.97,-3.95,54.69,Day2
0.0015318132936954,0.0063213277608156,0.6182311773300171,0.6073063611984253,0.0050411717966198,0.6334681510925293,0.6004992723464966,0.6502652168273926,0.0003476126294117,0.6046316623687744,0.666887640953064,0.0002436346258036,0.9220923781394958,0.9312921762466432,0.9122301936149596,0.0594724975526332,0.8999751806259155,0.9394298791885376,0.8858755230903625,0.6816712021827698,0.8694248199462891,0.9418475031852722,0.0004104278923477,0.0250357706099748,0.000407766259741,0.0003941385657526,0.8516141176223755,0.6174802184104919,0.0004043076187372,0.0004126855637878,0.00039694015868,0.0004064633976668,0.9401631355285645,0.8326492309570312,0.0004164742131251,0.0115567883476614,0.0004155727510806,0.8578047752380371,0.6941663026809692,0.0419143587350845,0.8514658212661743,0.8453903198242188,0.0002505789743736,0.0004003252834081,0.0296000279486179,0.0001862778153736,0.8395335078239441,0.0003841203288175,0.8637441396713257,0.8118851184844971,89.57,-4.69,53.37,Day2
0.0015759959351271,0.0064388951286673,0.6199727058410645,0.6090341806411743,0.0051699434407055,0.6352055072784424,0.6022162437438965,0.6519951820373535,0.0003608407860156,0.6063602566719055,0.6686068773269653,0.0002536117390263,0.9217140674591064,0.9309552907943726,0.9118090867996216,0.0594843290746212,0.8995111584663391,0.9391332864761353,0.8853658437728882,0.6833748817443848,0.8688688278198242,0.941577970981598,0.0004264085728209,0.0251873321831226,0.0004237291577737,0.0004097312921658,0.8510162830352783,0.619218111038208,0.0004201700503472,0.0004288029449526,0.0004125319537706,0.0004224150034133,0.9399130344390868,0.8320127725601196,0.0004327207570895,0.0117757683619856,0.0004317689163144,0.8582700490951538,0.6958552598953247,0.0419957004487514,0.8519953489303589,0.8459855318069458,0.000261130335275,0.0004160602984484,0.0300057101994752,0.000194223888684,0.8401933908462524,0.0003994237922597,0.8641474843025208,0.811213493347168,89.48,-5.09,53.24,Day2
0.0012492958921939,0.0055243638344109,0.606834352016449,0.5960234999656677,0.0042200377210974,0.6220666170120239,0.5892975330352783,0.6388713121414185,0.0002666006039362,0.5933476686477661,0.6555196046829224,0.0001833087299019,0.923758029937744,0.932752251625061,0.9141058325767516,0.0591510832309722,0.9020622968673706,0.9406912922859192,0.888184666633606,0.6703623533248901,0.8719571828842163,0.942961573600769,0.0003132722340524,0.0238762497901916,0.0003108101955149,0.0002995263785123,0.8543512225151062,0.6061158180236816,0.0003079664311371,0.0003146922972518,0.0003022619348485,0.0003095041029155,0.941152274608612,0.8355734348297119,0.0003176459867972,0.0101284086704254,0.000317132769851,0.8539754152297974,0.6829113960266113,0.0411689653992652,0.8472229242324829,0.8407252430915833,0.0001872367138275,0.0003047646605409,0.0269022285938262,0.000138581264764,0.8344597816467285,0.0002913361240644,0.8603162169456482,0.8149774670600891,77.7,-3.05,54.69,Day2
0.0010193901835009,0.0048288092948496,0.6035637855529785,0.5926097631454468,0.0035023347008973,0.6189144849777222,0.5856453776359558,0.635787844657898,0.0002036538353422,0.5893372297286987,0.6525042057037354,0.0001375390420434,0.9262666702270508,0.93507319688797,0.9168065786361694,0.058579996228218,0.904941201210022,0.9428252577781676,0.8912445306777954,0.6674332022666931,0.8751814365386963,0.9449978470802308,0.0002371242153458,0.0226627644151449,0.0002350239810766,0.0002258590975543,0.8577024340629578,0.6016932725906372,0.0002326508983969,0.0002379878715146,0.0002283209032611,0.0002338738995604,0.9431579113006592,0.8390209674835205,0.0002402971294941,0.0087178014218807,0.0002401432138867,0.8540948629379272,0.6800724267959595,0.0402329489588737,0.8471983671188354,0.840558648109436,0.0001389371900586,0.0002302036300534,0.0241039767861366,0.0001028412152663,0.8341566920280457,0.0002193324326071,0.8605825901031494,0.8184942603111267,79.15,-3.29,58.21,Day2
0.0009673614404164,0.0046636275947093,0.6027184724807739,0.5917298793792725,0.0033388484735041,0.6180973052978516,0.5847062468528748,0.6349861025810242,0.0001900351780932,0.5883077383041382,0.651717483997345,0.0001277549163205,0.9268442988395692,0.9356070756912231,0.9174288511276244,0.0584236718714237,0.9056050181388856,0.94331556558609,0.891950249671936,0.6666662693023682,0.8759250640869141,0.945465326309204,0.0002207681682193,0.0223561879247427,0.0002187564386986,0.0002100726560456,0.8584752082824707,0.6005592346191406,0.000216493877815,0.0002215196145698,0.0002124592574546,0.0002176427515223,0.943617820739746,0.8398153781890869,0.0002236857835669,0.0083895400166511,0.0002236017753602,0.854072093963623,0.6793261766433716,0.0399884320795536,0.8471392393112183,0.8404636979103088,0.00012869638158,0.0002142079611076,0.0234356764703989,9.52568298089318e-05,0.8340277075767517,0.0002039178943959,0.8605970144271851,0.8193037509918213,78.77,-3.38,59.08,Day2
0.0010624034330248,0.0049633895978331,0.6048047542572021,0.5938587188720703,0.003634430700913,0.6201431751251221,0.5869175791740417,0.6370102763175964,0.0002150029031326,0.5906609892845154,0.6537191867828369,0.0001457411999581,0.9258852005004884,0.934726059436798,0.9163901209831238,0.0586886703968048,0.9044911861419678,0.9425118565559388,0.8907601833343506,0.6686360239982605,0.8746647834777832,0.9447051882743835,0.000250701297773,0.022900903597474,0.0002485384466126,0.0002389872388448,0.8571588397026062,0.6030764579772949,0.0002460725663695,0.0002516640524845,0.0002415004564682,0.0002473682106938,0.9428775906562804,0.8384551405906677,0.0002540926798246,0.0089735807850956,0.0002538839471526,0.8544062376022339,0.6812627911567688,0.0404142998158931,0.847557783126831,0.8409662842750549,0.0001474977179896,0.0002434983180137,0.0246181804686784,0.0001092173115466,0.8346105813980103,0.0002321645006304,0.8608464002609253,0.8179107904434204,80.58,-3.35,57.68,Day2
0.0010193901835009,0.0048288092948496,0.6035637855529785,0.5926097631454468,0.0035023347008973,0.6189144849777222,0.5856453776359558,0.635787844657898,0.0002036538353422,0.5893372297286987,0.6525042057037354,0.0001375390420434,0.9262666702270508,0.93507319688797,0.9168065786361694,0.058579996228218,0.904941201210022,0.9428252577781676,0.8912445306777954,0.6674332022666931,0.8751814365386963,0.9449978470802308,0.0002371242153458,0.0226627644151449,0.0002350239810766,0.0002258590975543,0.8577024340629578,0.6016932725906372,0.0002326508983969,0.0002379878715146,0.0002283209032611,0.0002338738995604,0.9431579113006592,0.8390209674835205,0.0002402971294941,0.0087178014218807,0.0002401432138867,0.8540948629379272,0.6800724267959595,0.0402329489588737,0.8471983671188354,0.840558648109436,0.0001389371900586,0.0002302036300534,0.0241039767861366,0.0001028412152663,0.8341566920280457,0.0002193324326071,0.8605825901031494,0.8184942603111267,79.15,-3.29,58.21,Day2
0.0011374456807971,0.0051929098553955,0.6035248041152954,0.5927039980888367,0.0038790081162005,0.6187846660614014,0.585936963558197,0.6356070637702942,0.0002356554032303,0.589879035949707,0.6522771120071411,0.0001606481237104,0.9247995615005492,0.93369859457016,0.9152449369430542,0.0589554496109485,0.9032959342002868,0.9415441751480104,0.8895163536071777,0.6671537756919861,0.8733833432197571,0.943756937980652,0.0002759746857918,0.0233386922627687,0.0002736558963079,0.0002633731346577,0.8558579683303833,0.6025251150131226,0.0002710501721594,0.0002771102881524,0.0002660057216417,0.0002724066434893,0.941913604736328,0.8371492624282837,0.0002797465131152,0.0094865057617425,0.000279390689684,0.8532171845436096,0.6797369718551636,0.0407889708876609,0.8463361263275146,0.8397082686424255,0.0001633880456211,0.0002681934856809,0.0256479233503341,0.0001208255634992,0.8333165049552917,0.0002559632121119,0.8596843481063843,0.8166113495826721,76.33,-2.64,55.8,Day2
0.0010979017242789,0.0050684586167335,0.608025312423706,0.597028374671936,0.0037394736427813,0.6233757138252258,0.5900325775146484,0.6402430534362793,0.0002244289935333,0.5937581062316895,0.6569453477859497,0.0001526607229607,0.925441026687622,0.934342086315155,0.9158833026885986,0.0586379505693912,0.9039185047149658,0.9421852231025696,0.8901158571243286,0.6718465089797974,0.8739448189735413,0.9444190263748168,0.0002618535654619,0.0230343751609325,0.0002596699632704,0.0002498070534784,0.8563666343688965,0.6061484813690186,0.0002571054501459,0.0002628891961649,0.0002523500588722,0.0002584719914011,0.9426239132881165,0.8375929594039917,0.0002654144482221,0.0091534899547696,0.0002652110706549,0.8553853034973145,0.6844590902328491,0.0404565259814262,0.8486553430557251,0.842186450958252,0.0001546403509564,0.0002544483286328,0.0249735191464424,0.0001146301874541,0.8359518051147461,0.000242760463152,0.861711859703064,0.8169819116592407,80.39,-4.25,57.86,Day2
0.0009173493599519,0.0044969022274017,0.6094672679901123,0.5982159376144409,0.0031602354720234,0.6249806880950928,0.5908505916595459,0.6419355869293213,0.0001766186323948,0.5941290855407715,0.6587140560150146,0.0001183463609777,0.9277806282043456,0.9365444183349608,0.9183624386787416,0.0579521059989929,0.9065176844596864,0.9442474246025084,0.8928311467170715,0.6736980676651001,0.8767520189285278,0.9464274644851683,0.0002040419785771,0.0219198986887931,0.0002022024709731,0.0001940521178767,0.8592261075973511,0.605999231338501,0.0002000035456148,0.0002046873560175,0.0001963100658031,0.0002011584874708,0.9446510076522828,0.8404718637466431,0.0002067163295578,0.0079511823132634,0.0002067973546218,0.8572987914085388,0.6864001750946045,0.0395001173019409,0.8505926132202148,0.8441552519798279,0.0001185007276944,0.0001979522785404,0.0225153099745512,8.80251609487459e-05,0.8379547595977783,0.0001883452641777,0.8636126518249512,0.8198531270027161,84.81,-5.77,62.13,Day2
0.0008104494772851,0.0041480553336441,0.5988751649856567,0.5877947807312012,0.0028416572604328,0.6143393516540527,0.5806024074554443,0.6312770247459412,0.0001504193205619,0.5839217901229858,0.6480589509010315,9.954351116903126e-05,0.9288498759269714,0.9374494552612304,0.9196017980575562,0.0579626746475696,0.90793776512146,0.944997012615204,0.8944470286369324,0.6630766987800598,0.8785755038261414,0.9470603466033936,0.0001734486868372,0.0213754698634147,0.0001717108098091,0.0001644897856749,0.8612505197525024,0.5958471894264221,0.000169799051946,0.0001739035797072,0.0001666172029217,0.0001707270275801,0.945180118083954,0.8426910638809204,0.000175649751327,0.0073778601363301,0.0001757243007887,0.8536990880966187,0.6758084297180176,0.0392196848988533,0.846606969833374,0.8397722244262695,9.936426795320584e-05,0.0001679790293565,0.0213298927992582,7.35121502657421e-05,0.8331828117370605,0.0001594419154571,0.8603836297988892,0.8222580552101135,78.46,-3.27,61.71,Day2
0.0008861484820954,0.0043943654745817,0.6076034307479858,0.5963721871376038,0.0030668233521282,0.6231139898300171,0.5890201330184937,0.6400673389434814,0.0001688706397544,0.5922834277153015,0.6568469405174255,0.0001127937284763,0.9279838800430298,0.9367194771766664,0.9185941815376282,0.05788354575634,0.9067788124084472,0.9443956613540648,0.8931229710578918,0.6718377470970154,0.8770749568939209,0.9465550184249878,0.0001949485886143,0.0217378865927457,0.0001931464794324,0.0001852660352597,0.8595780730247498,0.6041368246078491,0.00019102380611,0.0001955314364749,0.0001874866575235,0.0001921122457133,0.944759726524353,0.8408504724502563,0.0001974749466171,0.0077760978601872,0.0001975747582037,0.8566235899925232,0.6845460534095764,0.0393693670630455,0.8498502373695374,0.8433443903923035,0.0001128166404669,0.0001890464191092,0.0221542418003082,8.37371771922335e-05,0.8370780944824219,0.0001797568256733,0.8630027770996094,0.8202556371688843,81.99,-5.52,62.28,Day2
0.0008537888643331,0.0042908061295747,0.6041476726531982,0.5929694175720215,0.0029694510158151,0.6196460723876953,0.5856732130050659,0.6365989446640015,0.000160872543347,0.5889512300491333,0.6533854603767395,0.000107035448309,0.9284392595291138,0.937112271785736,0.919114887714386,0.0579250566661357,0.907368540763855,0.9447289109230042,0.8937879800796509,0.6683929562568665,0.8778196573257446,0.946846604347229,0.0001855842856457,0.0215892381966114,0.0001838099997257,0.0001762171013979,0.8603991866111755,0.6008257269859314,0.0001817781012505,0.0001861135824583,0.0001783966290531,0.0001828032545745,0.94501793384552,0.8417456150054932,0.0001879728224594,0.0076018506661057,0.0001880599447758,0.8555663228034973,0.6811166405677795,0.0393118970096111,0.8486660122871399,0.8420290946960449,0.000106945670268,0.0001798718731151,0.0217939671128988,7.928640116006136e-05,0.8356335759162903,0.0001709096104605,0.8620671629905701,0.8212215900421143,81.82,-4.59,62.13,Day2
0.0008503585704602,0.0042826854623854,0.599488377571106,0.5884451866149902,0.0029697166755795,0.6149240136146545,0.5813139081001282,0.6318460702896118,0.0001602978736627,0.5847222805023193,0.6486131548881531,0.000106525621959,0.928312122821808,0.9369516372680664,0.9190232157707214,0.0581092201173305,0.9073210954666138,0.9445388913154602,0.893791913986206,0.6636119484901428,0.8778855800628662,0.9466217160224916,0.0001852409477578,0.0216463152319192,0.0001834270951803,0.0001758300641085,0.860534131526947,0.5967511534690857,0.0001814269489841,0.0001857666211435,0.0001780306047294,0.0001824076753109,0.9447457194328308,0.8419551849365234,0.0001876184542197,0.0076455371454358,0.000187651196029,0.853635847568512,0.676323652267456,0.039443340152502,0.8465716242790222,0.8397639989852905,0.0001066138356691,0.0001794874260667,0.0218951813876628,7.887142419349402e-05,0.8332003951072693,0.0001704976602923,0.8602914810180664,0.8215089440345764,78.47,-3.16,60.89,Day2
0.0010524255922064,0.0049289008602499,0.6106959581375122,0.5995602011680603,0.0035833655856549,0.626125693321228,0.5923812389373779,0.6430372595787048,0.0002117667754646,0.5959197282791138,0.6597759127616882,0.0001435774029232,0.926362931728363,0.9352263808250428,0.916843831539154,0.0584243573248386,0.9049079418182372,0.9430294036865234,0.8911317586898804,0.6747105717658997,0.8749761581420898,0.9452592134475708,0.0002461471885908,0.0227437894791364,0.0002440815005684,0.0002346925757592,0.8573967218399048,0.6080918312072754,0.0002415953204035,0.0002470851177349,0.0002371427690377,0.0002429563464829,0.9434937238693236,0.8386093974113464,0.0002494862128514,0.0088041024282574,0.0002493874926585,0.8570666313171387,0.6873605251312256,0.0401845350861549,0.8504189848899841,0.8440369367599487,0.0001448437251383,0.0002391342568444,0.024262061342597,0.0001075716209015,0.8378868699073792,0.0002280335174873,0.8633178472518921,0.8179749846458435,86.71,-5.1,59.56,Day2
0.0010409529786556,0.0048910933546721,0.6123086214065552,0.6011154651641846,0.0035431394353508,0.627765417098999,0.593860924243927,0.6446882486343384,0.0002086072054225,0.5973284244537354,0.6614333987236023,0.0001413504069205,0.9265057444572448,0.93537575006485,0.9169792532920836,0.0583058632910251,0.9050318002700806,0.943183660507202,0.8912408947944641,0.6763716340065002,0.8750652074813843,0.9454232454299928,0.0002421995886834,0.0226429942995309,0.0002401745878159,0.0002309039991814,0.8574615716934204,0.6094155311584473,0.0002376987395109,0.0002431076572975,0.0002333275333512,0.0002390585577813,0.9436744451522828,0.8386463522911072,0.000245475966949,0.0087060034275054,0.0002454244822729,0.8577638864517212,0.6890268325805664,0.0400677509605884,0.8511707782745361,0.8448460698127747,0.0001424193469574,0.0002352930459892,0.024060046300292,0.0001058531634043,0.8387530446052551,0.0002243479102617,0.8639643788337708,0.817981481552124,87.31,-5.7,60.25,Day2
0.0009111088584177,0.0044787302613258,0.6088731288909912,0.597624659538269,0.0031396986450999,0.6243904829025269,0.5902622938156128,0.6413512229919434,0.000174980261363,0.5935366153717041,0.6581370830535889,0.0001171562762465,0.9280052185058594,0.9367466568946838,0.918610453605652,0.0579834319651126,0.9067898392677308,0.9444281458854676,0.8931295871734619,0.6731303930282593,0.8770778179168701,0.946596384048462,0.0002020693209487,0.0219013709574937,0.0002002361434279,0.0001921503717312,0.8595768213272095,0.6054037809371948,0.0001980576198548,0.0002027084265137,0.0001943973184097,0.0001992080069612,0.9448148608207704,0.8408461809158325,0.000204722280614,0.0079121105372905,0.0002047951129497,0.8572525978088379,0.6858417391777039,0.0395052060484886,0.8505228757858276,0.8440608978271484,0.0001172596603282,0.0001960246299859,0.0224340800195932,8.709981921128929e-05,0.8378352522850037,0.0001864889200078,0.8635889887809753,0.8202495574951172,86.66,-5.5,62.14,Day2
0.0009373177890665,0.0045639486052095,0.6094099283218384,0.5981777310371399,0.0032216999679803,0.6249130368232727,0.5908443927764893,0.6418657898902893,0.0001816500589484,0.5941646695137024,0.6586436033248901,0.00012192541908,0.927708387374878,0.9364736676216124,0.9182893633842468,0.0580652803182601,0.9064458012580872,0.9441787004470824,0.892762303352356,0.6736262440681458,0.8766891956329346,0.9463596940040588,0.000210019206861,0.0220626108348369,0.0002081429120153,0.0001998173102037,0.8591713309288025,0.6060848236083984,0.0002059052640106,0.0002107099862769,0.0002021030231844,0.0002070976479444,0.9445830583572388,0.8404277563095093,0.0002127945917891,0.0080767394974827,0.0002128410560544,0.8573058247566223,0.6863265633583069,0.0396340973675251,0.850598156452179,0.8441580533981323,0.0001222106075147,0.0002037969970842,0.0227750688791275,9.078370203496888e-05,0.8379532098770142,0.0001939746289281,0.8636199235916138,0.8198216557502747,87.02,-5.47,61.69,Day2
0.0009455479448661,0.0045885634608566,0.6110954284667969,0.5998269319534302,0.0032442882657051,0.6266108751296997,0.5924501419067383,0.6435667872428894,0.000183688753168,0.595741868019104,0.6603436470031738,0.0001234288065461,0.9276024103164672,0.9363908171653748,0.9181590676307678,0.0580121353268623,0.9062886238098145,0.9441173672676086,0.8925751447677612,0.6753212213516235,0.8764688372612,0.9463156461715698,0.0002123452431987,0.0220803525298833,0.0002104736486217,0.0002020810497924,0.8589175343513489,0.6076262593269348,0.000208206809475,0.0002130497596226,0.0002043706481344,0.0002094223164021,0.9445557594299316,0.8401399850845337,0.000215156309423,0.0081075923517346,0.0002152188681066,0.857887327671051,0.6880176067352295,0.0396148897707462,0.8512396812438965,0.8448619246482849,0.0001237087853951,0.0002060889237327,0.0228359308093786,9.195679740514606e-05,0.8387187123298645,0.0001961961097549,0.8641443848609924,0.8195002675056458,87.27,-5.97,61.97,Day2
0.0012263077078387,0.0054533150978386,0.6141964197158813,0.6031374335289001,0.0041181286796927,0.6295502185821533,0.5960981845855713,0.6464148759841919,0.0002591611992102,0.5998704433441162,0.6631045341491699,0.0001781258906703,0.924576222896576,0.9335859417915344,0.9149073958396912,0.0588145554065704,0.9028298258781432,0.9415336847305298,0.8889085054397583,0.6779748201370239,0.8726175427436829,0.9438445568084716,0.0003031586238648,0.0236368421465158,0.0003008565981872,0.0002898984239436,0.8549287915229797,0.6123083233833313,0.0002979940036311,0.0003045183548238,0.0002925307198893,0.0002996346447616,0.942114531993866,0.8360536694526672,0.0003074087726417,0.0098330220207571,0.0003070804232265,0.8574634790420532,0.690558910369873,0.0408552773296833,0.8509576916694641,0.8447173833847046,0.0001811089023249,0.000295002682833,0.0263048987835645,0.000134570946102,0.8387041091918945,0.0002820243826135,0.8635727167129517,0.8153510093688965,87.03,-5.17,57.21,Day2
0.0011686648940667,0.0052841152064502,0.612373948097229,0.6013084650039673,0.0039427620358765,0.6277457475662231,0.5942482948303223,0.6446245312690735,0.0002432047913316,0.5979658365249634,0.661331057548523,0.0001664114388404,0.9251965284347534,0.9341486692428588,0.9155869483947754,0.0587373971939086,0.903567373752594,0.9420401453971864,0.8897068500518799,0.6762245893478394,0.8734753131866455,0.9443171620368958,0.0002839696826413,0.0233715306967496,0.000281731976429,0.0002712896093726,0.8558379411697388,0.6103438138961792,0.0002790009602904,0.0002851868339348,0.0002738720213528,0.0002805443073157,0.9425684213638306,0.8370077610015869,0.0002879155217669,0.0095061203464865,0.0002876491053029,0.8571113348007202,0.6888319253921509,0.0406772904098033,0.8505351543426514,0.8442232608795166,0.0001688120537437,0.0002761800133157,0.0256637893617153,0.0001253830560017,0.8381399512290955,0.0002638119040057,0.863289475440979,0.8163439631462097,87.45,-4.86,57.74,Day2
0.0011235059937462,0.0051477421075105,0.6122320890426636,0.6011241674423218,0.0038012934383004,0.6276336908340454,0.5939996838569641,0.6445292234420776,0.0002307919639861,0.5976332426071167,0.6612510681152344,0.0001573845074744,0.9257035255432128,0.934622049331665,0.9161283373832704,0.0586066506803035,0.904139518737793,0.9424794912338256,0.8903095722198486,0.6761623620986938,0.8741042613983154,0.9447408318519592,0.0002689419197849,0.023127706721425,0.0002667770604602,0.000256751984125,0.8564848899841309,0.6099140644073486,0.0002641368191689,0.0002700483310036,0.0002592798264231,0.0002656189899425,0.9429908990859984,0.8376661539077759,0.0002726493403315,0.009225059300661,0.000272458360996,0.8573418259620667,0.6887884140014648,0.0404804497957229,0.8507549166679382,0.8444334268569946,0.0001592787448316,0.000261466106167,0.0251046866178512,0.0001183318017865,0.8383411765098572,0.0002496016095392,0.8635322451591492,0.8170080184936523,88.14,-5.06,58.57,Day2
0.0010922024957835,0.0050497273914515,0.6129146814346313,0.601759135723114,0.0037026940844953,0.6283421516418457,0.594565749168396,0.645248293876648,0.0002223063202109,0.598120927810669,0.6619775295257568,0.0001512644812464,0.9259517192840576,0.9348625540733336,0.9163835048675536,0.0584532544016838,0.90439772605896,0.9427112936973572,0.8905682563781738,0.6768960952758789,0.8743582367897034,0.944971799850464,0.0002586650371085,0.0229295324534177,0.0002565605973359,0.0002468216407578,0.8567289113998413,0.6103090047836304,0.0002539761771913,0.000259690277744,0.0002493090578354,0.0002554132661316,0.943228840827942,0.8378952145576477,0.0002622015599627,0.0090214209631085,0.000262081332039,0.8577021360397339,0.6895307898521423,0.0402960479259491,0.851136326789856,0.8448381423950195,0.0001528103020973,0.0002514122461434,0.0246958620846271,0.0001135701386374,0.8387701511383057,0.0002399033837718,0.8638742566108704,0.8172183036804199,87.33,-5.56,59.38,Day2
0.0005995307583361,0.003394809551537,0.5944818258285522,0.5831871032714844,0.0021566171199083,0.6101146936416626,0.5756330490112305,0.6271427273750305,0.0001009829793474,0.5784100294113159,0.6440123319625854,6.509300146717578e-05,0.9320709109306335,0.940421998500824,0.9230769872665404,0.0570651106536388,0.911653995513916,0.9477242827415466,0.8984079360961914,0.659144401550293,0.8827604651451111,0.9496666789054872,0.0001149059753515,0.0197566412389278,0.0001135888742282,0.0001083581664715,0.8656110763549805,0.5897027254104614,0.0001121616733144,0.0001150509269791,0.000110046537884,0.0001128110525314,0.9477580785751344,0.8471846580505371,0.000116257200716,0.0059067979454994,0.0001164860077551,0.8538203239440918,0.6719974279403687,0.0378559567034244,0.8465350866317749,0.8395105600357056,6.393087824108079e-05,0.0001109376753447,0.0181156583130359,4.7299643483711407e-05,0.8327407836914062,0.0001047840050887,0.8607028126716614,0.8268475532531738,77.3,-3.75,66.29,Day3
0.0005144747556187,0.0030677481554448,0.5909217596054077,0.5795554518699646,0.001876090071164,0.6066228151321411,0.5718631744384766,0.6236883401870728,8.251329563790932e-05,0.5743979215621948,0.6405973434448242,5.246702130534686e-05,0.9336928129196168,0.9419041275978088,0.9248427748680116,0.0566857904195785,0.913561463356018,0.949070155620575,0.9004624485969543,0.6557863354682922,0.8849560618400574,0.9509422779083252,9.329367458121852e-05,0.0190073493868112,9.215009049512446e-05,8.77201309776865e-05,0.8679254055023193,0.585407018661499,9.093029802897944e-05,9.334867354482412e-05,8.920726395444945e-05,9.146862430498004e-05,0.949010133743286,0.8495980501174927,9.434828825760631e-05,0.0052865226753056,9.459783177589998e-05,0.8534150719642639,0.668699324131012,0.0372325181961059,0.8459833860397339,0.8388116955757141,5.112817962071858e-05,8.992512448458001e-05,0.0166979040950536,3.780915722018108e-05,0.8318995237350464,8.472123590763658e-05,0.8604435324668884,0.8293423652648926,77.01,-3.48,68.12,Day3
0.0006180822383612,0.003461422631517,0.5985991358757019,0.5872182846069336,0.0022117726039141,0.6142655611038208,0.5795686841011047,0.6313093304634094,0.0001050148712238,0.5822963714599609,0.6481856107711792,6.792144995415583e-05,0.931798219680786,0.9402036070823668,0.9227474331855774,0.0569858700037002,0.9112616181373596,0.9475563764572144,0.8979458808898926,0.6633129715919495,0.8822216987609863,0.9495383501052856,0.0001194921132992,0.0198506172746419,0.0001181600746349,0.0001127702780649,0.8649950623512268,0.5935307741165161,0.0001166762158391,0.000119657102914,0.0001144879570347,0.0001173670461867,0.94766765832901,0.8464910387992859,0.0001209079709951,0.0060021197423338,0.0001211594571941,0.8552607297897339,0.6761624217033386,0.0378663949668407,0.8481262922286987,0.8412578701972961,6.672714516753331e-05,0.0001154232159024,0.0183243006467819,4.944729880662635e-05,0.8346418738365173,0.0001090916848625,0.8619994521141052,0.8260772228240967,78.89,-4.91,66.83,Day3
0.0005938963149674,0.0033711961004883,0.6004253625869751,0.5889347791671753,0.0021262797527015,0.6161574125289917,0.5811396241188049,0.6332393884658813,9.946306090569124e-05,0.5837154388427734,0.6501480340957642,6.412692891899496e-05,0.9325116872787476,0.9408814311027528,0.9234973788261414,0.056807667016983,0.9120425581932068,0.9481975436210632,0.8987565040588379,0.6653059124946594,0.8830543756484985,0.9501736164093018,0.0001128187868744,0.0196206998080015,0.0001115515551646,0.0001064108946593,0.8658370971679688,0.5947736501693726,0.0001101205343729,0.0001129576485254,0.0001080604706658,0.0001107990756281,0.94832444190979,0.8473320603370667,0.0001141494794865,0.0057949037291109,0.000114423019113,0.8564896583557129,0.6781887412071228,0.0376401655375957,0.8494121432304382,0.8426041007041931,6.278068030951545e-05,0.0001089493525796,0.0178519133478403,4.658688703784719e-05,0.8360468745231628,0.0001029195118462,0.8631764650344849,0.8269091844558716,83.47,-5.63,68.37,Day3
0.0005577593692578,0.0032371075358241,0.5923197269439697,0.5810031294822693,0.002019565552473,0.6079802513122559,0.573399007320404,0.6250247955322266,9.179813059745356e-05,0.5760730504989624,0.6419132947921753,5.878524461877532e-05,0.9328883290290833,0.9411651492118835,0.9239711165428162,0.0569180883467197,0.9126247763633728,0.9483953714370728,0.899459183216095,0.6570736765861511,0.8838905096054077,0.950299084186554,0.000104149148683,0.0194111336022615,0.000102913720184,9.807667083805428e-05,0.8668094277381897,0.587245762348175,0.0001015900124912,0.0001042485018842,9.96687012957409e-05,0.0001021842181216,0.9483749866485596,0.8484423160552979,0.0001053528831107,0.0056086429394781,0.0001055891261785,0.8534923791885376,0.6699562072753906,0.0375832915306091,0.8461199998855591,0.8390071392059326,5.752775541623123e-05,0.0001004731311695,0.0174399837851524,4.254627856425941e-05,0.8321511745452881,9.478492574999108e-05,0.860460638999939,0.8281561136245728,77.74,-3.45,67.14,Day3
0.0006248975405469,0.0034882109612226,0.5969671010971069,0.5856461524963379,0.0022369190119206,0.6126031279563904,0.5780739784240723,0.6296319961547852,0.000106605606561,0.5808721780776978,0.6464980840682983,6.899164145579562e-05,0.9316650032997132,0.9400647282600404,0.92262065410614,0.0571018494665622,0.9111450910568236,0.9474133253097534,0.8978427648544312,0.6616184711456299,0.8821370005607605,0.9493860602378844,0.0001214400617755,0.0199392605572938,0.0001200825427076,0.0001146205686382,0.8649331331253052,0.5921893119812012,0.0001185887886094,0.0001216148230014,0.0001163601191365,0.00011928047752,0.9474990963935852,0.8464555740356445,0.0001228835608344,0.0060699377208948,0.0001231160276802,0.8545532822608948,0.6744597554206848,0.0379770137369632,0.8473619222640991,0.840433657169342,6.786311132600531e-05,0.000117307419714,0.0184790696948766,5.024998608860187e-05,0.8337581157684326,0.000110884058813,0.8613451719284058,0.82607102394104,78.28,-4.31,66.21,Day3
0.0006457249983213,0.0035635551903396,0.5989776849746704,0.5876368284225464,0.0023028496652841,0.6146147847175598,0.5800503492355347,0.6316424608230591,0.0001112860481953,0.5828654170036316,0.6485035419464111,7.225034642033279e-05,0.9313054084777832,0.9397472143173218,0.9222173690795898,0.0571216829121112,0.9106963872909546,0.9471360445022584,0.8973451256752014,0.6636123657226562,0.8815887570381165,0.949134349822998,0.000126891201944,0.0200815685093402,0.0001255019451491,0.0001198491809191,0.8643377423286438,0.5942015647888184,0.0001239529810845,0.0001270911452593,0.0001216294258483,0.0001246779720531,0.9472649097442628,0.8458158373832703,0.0001284109021071,0.0062028765678405,0.0001286475599044,0.8551127910614014,0.6764422059059143,0.03806684166193,0.8479973077774048,0.8411471247673035,7.115721382433549e-05,0.0001226234744535,0.0187733601778745,5.2722061809618026e-05,0.8345482349395752,0.0001159781677415,0.8618313670158386,0.8253899812698364,78.55,-4.78,66.09,Day3
0.0005864129052497,0.003345439909026,0.5952805876731873,0.5839316844940186,0.0021105613559484,0.6109465956687927,0.5763053297996521,0.6279942393302917,9.800225961953402e-05,0.5790051221847534,0.6448807716369629,6.30589056527242e-05,0.932439148426056,0.9407709240913392,0.9234650135040284,0.0569716095924377,0.9120591282844543,0.948053538799286,0.8988297581672668,0.6600291728973389,0.883195161819458,0.9499919414520264,0.0001113332837121,0.0196316204965114,0.0001100509471143,0.000104953898699,0.8660521507263184,0.5902082920074463,0.0001086526244762,0.0001114644692279,0.0001066057084244,0.0001092942984541,0.9480933547019958,0.8476269245147705,0.0001126386268879,0.00579584389925,0.0001128791554947,0.8543980717658997,0.6728999018669128,0.0377348624169826,0.847137451171875,0.8401392102241516,6.182138895383105e-05,0.0001074719548341,0.0178624764084815,4.5768141717417166e-05,0.8333951234817505,0.0001014800218399,0.8612583875656128,0.8272868394851685,79.43,-4.1,67.08,Day3
0.0006428782944567,0.0035546566359698,0.5975095629692078,0.5862045288085938,0.0022954007145017,0.6131319999694824,0.5786610841751099,0.6301538348197937,0.0001106695199268,0.5815060138702393,0.6470127701759338,7.180046668509021e-05,0.931382179260254,0.9398050904273988,0.9223140478134156,0.0571825318038463,0.9108155965805054,0.9471765756607056,0.8974898457527161,0.6621232032775879,0.8817622661590576,0.9491610527038574,0.0001262178411707,0.0200863536447286,0.0001248251210199,0.0001191947449115,0.864540696144104,0.592877984046936,0.0001232886133948,0.0001264163292944,0.0001209732436109,0.0001240051205968,0.9472780227661132,0.8460491895675659,0.0001277298142667,0.0061964741908013,0.0001279538846574,0.8546074628829956,0.6749539375305176,0.0381010994315147,0.8474385738372803,0.840532660484314,7.072878361213952e-05,0.0001219594923895,0.0187611263245344,5.237564255367033e-05,0.8338785171508789,0.0001153355260612,0.8613766431808472,0.8256539702415466,78.64,-4.3,65.85,Day3
0.0005043830606155,0.0030289811547845,0.5896086692810059,0.5782550573348999,0.0018430005293339,0.6053093671798706,0.5705722570419312,0.6223763227462769,8.03839648142457e-05,0.5730957984924316,0.6392896175384521,5.10116369696334e-05,0.93397057056427,0.9421507120132446,0.9251531958580016,0.0566913112998008,0.9139061570167542,0.9492870569229126,0.900844395160675,0.6544872522354126,0.8853769302368164,0.951141595840454,9.082543692784384e-05,0.0189317818731069,8.969926420832053e-05,8.536400855518878e-05,0.8683826923370361,0.5840919017791748,8.850710582919419e-05,9.087274520425126e-05,8.682715269969776e-05,8.903201523935422e-05,0.9491993188858032,0.8500899076461792,9.184917871607468e-05,0.0052166134119033,9.20925522223115e-05,0.8531092405319214,0.6674090623855591,0.0371909253299236,0.8456266522407532,0.838402509689331,4.966856431565248e-05,8.752461872063577e-05,0.0165361613035202,3.67175744031556e-05,0.8314381837844849,8.243040065281093e-05,0.8601865768432617,0.8298667669296265,77.82,-3.15,68.29,Day3
0.0005610860534943,0.003247580723837,0.5981104373931885,0.586620569229126,0.002020334592089,0.613856315612793,0.5788085460662842,0.6309479475021362,9.229705028701574e-05,0.5813223719596863,0.6478697657585144,5.919369505136274e-05,0.9331188797950744,0.9414269924163818,0.924168348312378,0.0567161664366722,0.912778377532959,0.948683738708496,0.8995611667633057,0.6630493998527527,0.8839280605316162,0.9506253004074096,0.000104478393041,0.0193590652197599,0.0001032692962326,9.843195584835485e-05,0.8667727112770081,0.5923089981079102,0.0001019228293444,0.0001045821627485,0.0001000100091914,0.0001025517485686,0.9487576484680176,0.8483234643936157,0.0001056938926922,0.0055703185498714,0.0001059656715369,0.855965793132782,0.6759544014930725,0.0374444872140884,0.8487989902496338,0.8419000506401062,5.780254286946729e-05,0.0001008291146717,0.0173425339162349,4.28674029535614e-05,0.8352538347244263,9.51550537138246e-05,0.8627396821975708,0.8279503583908081,83.2,-5.22,68.85,Day3
0.0005144262686371,0.0030689323320984,0.5896809101104736,0.5783487558364868,0.0018770546885207,0.605366587638855,0.570698618888855,0.6224253177642822,8.2517544797156e-05,0.573265016078949,0.6393307447433472,5.245441570878029e-05,0.9337435960769652,0.9419399499893188,0.92490953207016,0.0567546226084232,0.9136468172073364,0.9490923285484314,0.9005690813064575,0.6545193195343018,0.8850871920585632,0.9509534239768982,9.3328912043944e-05,0.0190317556262016,9.21797181945294e-05,8.774808520684019e-05,0.8680821657180786,0.5843113660812378,9.096386202145368e-05,9.33858027565293e-05,8.923728455556557e-05,9.149976540356874e-05,0.9490101933479308,0.8497816920280457,9.438599226996304e-05,0.005295823328197,9.462562593398616e-05,0.8529911637306213,0.6674315929412842,0.0372815616428852,0.8455137014389038,0.8382941484451294,5.1133494707755744e-05,8.995427197078243e-05,0.0167209450155496,3.77957803721074e-05,0.831334114074707,8.474491914967075e-05,0.8600627183914185,0.8295534253120422,77.47,-3.06,67.93,Day3
0.0008354415767826,0.0042310087010264,0.6017487049102783,0.5906163454055786,0.002915772376582,0.6172311902046204,0.5833699107170105,0.634177565574646,0.0001564327976666,0.5866706371307373,0.6509624719619751,0.0001038435148075,0.928619623184204,0.937259316444397,0.9193300008773804,0.05795244500041,0.907621204853058,0.9448447227478028,0.8940817713737488,0.6659750938415527,0.8781580328941345,0.9469377398490906,0.0001804392668418,0.0215044934302568,0.0001786782086128,0.0001712413941277,0.860781729221344,0.5985730886459351,0.0001766984642017,0.0001809370005503,0.0001734003890305,0.0001776809222064,0.9450855255126952,0.8421719670295715,0.0001827487139962,0.0075099100358784,0.0001828271197155,0.8547207117080688,0.678702712059021,0.0392820462584495,0.8477334380149841,0.8410067558288574,0.0001037207039189,0.0001748270005919,0.0216043535619974,7.68227328080684e-05,0.8345230221748352,0.0001660422858549,0.8613046407699585,0.8216904401779175,80.5,-3.97,61.91,Day3
0.0008632836397737,0.0043223230168223,0.6037513017654419,0.592599630355835,0.0030016507953405,0.6192337274551392,0.5853393077850342,0.6361775398254395,0.000163300515851,0.5886558294296265,0.6529562473297119,0.000108748106868,0.9282453060150146,0.9369279742240906,0.9189110994338988,0.0579725317656993,0.907156467437744,0.9445546269416808,0.8935679793357849,0.6679561138153076,0.8775938749313354,0.9466745257377625,0.0001885382516775,0.021657720208168,0.0001867412502178,0.0001790515525499,0.8601709604263306,0.6005750894546509,0.0001846898085204,0.0001890833809738,0.0001812524715205,0.0001857205934356,0.944841206073761,0.8415176868438721,0.0001909682614495,0.0076741352677345,0.0001910407299874,0.8552796244621277,0.6806715726852417,0.0393748059868812,0.8483675718307495,0.8417181372642517,0.0001087552591343,0.0001827490632422,0.0219472721219062,8.06017269496806e-05,0.8353102207183838,0.000173669119249,0.8617909550666809,0.8209959864616394,80.76,-4.43,61.77,Day3
0.0009886953048408,0.0047276802361011,0.606340765953064,0.5952742099761963,0.0033985481131821,0.6217482089996338,0.5881597399711609,0.6386473178863525,0.0001954179460881,0.5917053818702698,0.6553807258605957,0.0001317136484431,0.92660391330719,0.9354168176651,0.9171361327171326,0.0583254247903823,0.9052547216415404,0.9431721568107604,0.8915361166000366,0.6703221797943115,0.8754408359527588,0.9453594088554382,0.0002269767137477,0.022415516898036,0.0002249678072985,0.0002161075972253,0.8579206466674805,0.6038880944252014,0.0002226353099104,0.0002277662424603,0.000218507120735,0.0002238410961581,0.9435483813285828,0.839189887046814,0.0002299884072272,0.0084772948175668,0.0002299340412719,0.8553401827812195,0.6829766631126404,0.039966344833374,0.8485381007194519,0.8419981002807617,0.0001326846540905,0.0002203175245085,0.0236086267977952,9.834601951297373e-05,0.8356961011886597,0.000209837249713,0.8617405891418457,0.8186085224151611,79.65,-4.44,59.62,Day3
0.0005574350943788,0.0032376490999013,0.5930616855621338,0.581710159778595,0.0020149135962128,0.6087450981140137,0.5740658640861511,0.6258071660995483,9.162662900052963e-05,0.5767049789428711,0.6427119970321655,5.867049185326323e-05,0.9331852793693542,0.941444456577301,0.924286961555481,0.0569359324872493,0.912958562374115,0.9486570358276368,0.8998123407363892,0.6578874588012695,0.8842620849609375,0.9505577683448792,0.000103867285361,0.0194142125546932,0.0001026382233249,9.78180396487005e-05,0.8671951293945312,0.5878391861915588,0.0001013160290312,0.0001039710332406,9.940170275513084e-05,0.0001019220508169,0.9486432671546936,0.8488394021987915,0.0001050756691256,0.0055903787724673,0.0001053101004799,0.8540784120559692,0.6707860231399536,0.0375903435051441,0.8467293381690979,0.8396402597427368,5.73710203752853e-05,0.0001002084682113,0.0173955559730529,4.245897798682563e-05,0.8328056931495667,9.453985694563016e-05,0.8610244393348694,0.8285625576972961,82.08,-3.6,67.72,Day3
0.0009340935503132,0.0045545524917542,0.604037344455719,0.5929708480834961,0.0032294176053255,0.619459867477417,0.5858397483825684,0.6363702416419983,0.000181339943083,0.5893258452415466,0.6531182527542114,0.0001215817683259,0.927260160446167,0.9360093474388124,0.9178578853607178,0.0582316182553768,0.9060415029525756,0.9437026977539062,0.8923913240432739,0.6680824160575867,0.8763633966445923,0.9458523392677308,0.0002101986756315,0.0221174620091915,0.0002082667779177,0.000199904985493,0.8589024543762207,0.6014416813850403,0.0002060633705696,0.0002108796325046,0.0002022298722295,0.0002071812050417,0.9440191984176636,0.8402242064476013,0.0002129541244357,0.0081496080383658,0.0002129407221218,0.8548128604888916,0.6807597875595093,0.0397590808570385,0.8479220867156982,0.8412917852401733,0.0001221640995936,0.0002038986422121,0.0229388326406478,9.04945918591693e-05,0.8349016308784485,0.0001940080837812,0.8612999320030212,0.8196886777877808,79.37,-4.05,60.18,Day3
0.0006164804799482,0.0034587224945425,0.5970007181167603,0.5856536626815796,0.0022067795507609,0.6126569509506226,0.5780469179153442,0.629700779914856,0.0001046312318067,0.5808039903640747,0.646581768989563,6.762731936760247e-05,0.9320391416549684,0.9404109716415404,0.92302405834198,0.0570943839848041,0.9115773439407348,0.9477322101593018,0.8983055949211121,0.6617181301116943,0.8826296925544739,0.9496943354606628,0.0001190585462609,0.0198800340294837,0.0001177207886939,0.0001123494148487,0.8654506206512451,0.5920748710632324,0.0001162488842965,0.000119227268442,0.0001140646199928,0.0001169390816357,0.9478102922439576,0.8469942808151245,0.0001204760410473,0.0059997751377522,0.0001207082168548,0.8548797965049744,0.6745762228965759,0.0379368662834167,0.8476852178573608,0.8407536745071411,6.644205859629437e-05,0.0001149959716713,0.018320208415389,4.9216687330044806e-05,0.8340736031532288,0.0001086786433006,0.8616752028465271,0.8266279101371765,81.56,-4.31,66.73,Day3
0.0009758560918271,0.0046887821517884,0.6044141054153442,0.5933876037597656,0.0033622519113123,0.619807243347168,0.5863193273544312,0.636701226234436,0.0001921681396197,0.5898919105529785,0.6534339189529419,0.0001293299428652,0.9267371296882628,0.9355231523513794,0.9172973036766052,0.0583702251315116,0.9054465293884276,0.9432533383369446,0.8917617797851562,0.6683796644210815,0.8757035136222839,0.945420503616333,0.0002232136466773,0.0223741773515939,0.000221205787966,0.0002124525781255,0.8582203388214111,0.6021081209182739,0.0002189135266235,0.0002239794412162,0.0002148432540707,0.0002200861490564,0.9435900449752808,0.8395267128944397,0.000226167452638,0.0084215784445405,0.0002260997571283,0.8546645641326904,0.6810373663902283,0.0399691052734851,0.8477929830551147,0.8411810398101807,0.0001302743330597,0.0002166167105315,0.0234982594847679,9.648734703660013e-05,0.8348080515861511,0.0002062532439595,0.8611311316490173,0.8189817070960999,79.03,-3.89,59.36,Day3
0.0006137596210464,0.0034500884357839,0.5955302119255066,0.5842192769050598,0.0021996365394443,0.6111713647842407,0.5766558647155762,0.6282089948654175,0.0001040515708154,0.5794427394866943,0.6450873613357544,6.720602686982602e-05,0.932115077972412,0.9404682517051696,0.923119843006134,0.0571552105247974,0.9116954803466796,0.9477723240852356,0.8984491229057312,0.6602249145507812,0.88280189037323,0.9497207403182985,0.0001184269567602,0.0198847670108079,0.0001170862597064,0.000111735847895,0.8656522035598755,0.5907490849494934,0.0001156261278083,0.0001185941000585,0.0001134487974923,0.0001163075285148,0.947823166847229,0.8472262024879456,0.0001198370664496,0.0059935855679214,0.0001200568876811,0.8543738126754761,0.6730835437774658,0.0379710271954536,0.8471255302429199,0.8401380181312561,6.604207010241225e-05,0.0001143731642514,0.0183082688599824,4.889306728728116e-05,0.8334023356437683,0.0001080762376659,0.8612200021743774,0.8268904685974121,81.66,-3.83,66.47,Day3
0.0007624512072652,0.0039830170571804,0.5975562930107117,0.5864471197128296,0.0026886721607297,0.6130467653274536,0.5791990756988525,0.6299980878829956,0.000138794988743,0.5824234485626221,0.6467940807342529,9.135756408795714e-05,0.9294585585594176,0.938007950782776,0.920261800289154,0.0577907599508762,0.908646821975708,0.9455060958862304,0.895206093788147,0.6618321537971497,0.8793810606002808,0.9475425481796264,0.0001596543152118,0.021041989326477,0.0001580047537572,0.0001512301532784,0.8620936870574951,0.5942381024360657,0.0001562018878757,0.0001600278628757,0.0001532693859189,0.0001570603635627,0.945651352405548,0.8435639142990112,0.0001616478257346,0.0070602507330477,0.0001617639354662,0.8535042405128479,0.674585223197937,0.0389487370848655,0.8463582992553711,0.8394697904586792,9.091572428587824e-05,0.0001545178820379,0.0206530895084142,6.724578270222992e-05,0.8328291177749634,0.0001465156528865,0.8602428436279297,0.8231536746025085,77.37,-3.26,62.54,Day3
0.0006654550088569,0.0036390682216733,0.5981569886207581,0.5868630409240723,0.0023665812332183,0.6137710809707642,0.5793464183807373,0.6307923197746277,0.000115753544378,0.5822397470474243,0.647651195526123,7.531705341534689e-05,0.9312403202056884,0.9396750926971436,0.9221609234809875,0.0573197603225708,0.9106526374816896,0.9470582604408264,0.8973182439804077,0.6627585887908936,0.8815845251083374,0.9490509033203124,0.0001321558374911,0.0202808044850826,0.0001307197962887,0.0001248875050805,0.8643596768379211,0.5936696529388428,0.0001291326479986,0.000132388799102,0.0001267099723918,0.0001298886782024,0.947174072265625,0.8458681702613831,0.0001337607682216,0.0063473572954535,0.0001339658774668,0.8548710346221924,0.6755861043930054,0.0382781215012073,0.847726583480835,0.8408443927764893,7.430029654642567e-05,0.0001277469855267,0.0190942101180553,5.503812644747086e-05,0.8342112898826599,0.000120880191389,0.8616151809692383,0.8254759311676025,81.94,-4.19,65.58,Day3
0.0006044463370926,0.0034137179609388,0.5969287157058716,0.5855603218078613,0.0021667624823749,0.6125999689102173,0.5779211521148682,0.6296523213386536,0.0001019262272166,0.5806355476379395,0.6465409398078918,6.576735904673114e-05,0.9322714805603028,0.9406269192695618,0.9232733249664308,0.057030688971281,0.9118423461914062,0.9479318261146544,0.8985864520072937,0.6616863012313843,0.8829247951507568,0.9498870968818665,0.0001158647573902,0.0197756886482238,0.0001145533751696,0.0001092970123863,0.8657562136650085,0.5918566584587097,0.0001131095123128,0.000116018760309,0.0001109838121919,0.0001137852013926,0.9480036497116088,0.8473072052001953,0.0001172380798379,0.0059101083315908,0.0001174767749034,0.8549965620040894,0.6745539903640747,0.0378447026014328,0.8477967977523804,0.8408606052398682,6.453870446421206e-05,0.0001118901200243,0.0181180853396654,4.781246752827428e-05,0.834176242351532,0.0001057108311215,0.8617978096008301,0.8269454836845398,81.91,-4.4,67.11,Day3
0.0006218968192115,0.003477404359728,0.5987045764923096,0.5873188972473145,0.0022222721017897,0.6143761873245239,0.579667329788208,0.6314265727996826,0.0001058057314367,0.5823966264724731,0.6483100056648254,6.846118048997596e-05,0.9319390058517456,0.9403328895568848,0.9229006767272948,0.0570420511066913,0.911427915096283,0.947674572467804,0.898127019405365,0.6634442806243896,0.8824185132980347,0.9496528506278992,0.0001203775173053,0.0198960658162832,0.000119039134006,0.0001136223581852,0.8652063012123108,0.5936344861984253,0.0001175483921542,0.0001205514417961,0.0001153447665274,0.0001182519408757,0.9477844834327698,0.8467162251472473,0.00012181315833,0.0060227485373616,0.0001220568665303,0.8554695844650269,0.6763008832931519,0.0379184782505035,0.8483370542526245,0.8414700627326965,6.725694402121007e-05,0.0001162892294814,0.0183693971484899,4.985244959243573e-05,0.8348538279533386,0.0001099238215829,0.862205982208252,0.8263161182403564,81.82,-4.82,66.99,Day3
0.000630080117844,0.0035062879323959,0.6006405353546143,0.5892139673233032,0.0022462848573923,0.6163275837898254,0.5815161466598511,0.6333844661712646,0.0001075952022802,0.5842198133468628,0.6502699851989746,6.972294067963958e-05,0.931814670562744,0.9402339458465576,0.9227495193481444,0.0569982044398784,0.9112470746040344,0.9475993514060974,0.8979130983352661,0.665401041507721,0.8821681141853333,0.9495962858200072,0.0001224071165779,0.0199328977614641,0.0001210637128679,0.0001155772915808,0.8649190664291382,0.5954267978668213,0.0001195471559185,0.0001225896994583,0.0001173114505945,0.0001202696730615,0.9477457404136658,0.8463917970657349,0.0001238710974575,0.0060626920312643,0.0001241268473677,0.8561420440673828,0.6782552003860474,0.0379158332943916,0.849079966545105,0.8422858715057373,6.850114004919305e-05,0.0001182759660878,0.0184561219066381,5.081277413410135e-05,0.8357416391372681,0.000111833694973,0.8628114461898804,0.8259549140930176,82.43,-5.37,67.24,Day3
0.0005900866235606,0.0033595911227166,0.5966215133666992,0.5852344632148743,0.002119492040947,0.612307071685791,0.5775645971298218,0.6293670535087585,9.873513772618026e-05,0.580234169960022,0.6462631821632385,6.357533857226372e-05,0.9325270652770996,0.9408625960350036,0.9235491156578064,0.0569586381316185,0.912137508392334,0.9481480717658995,0.8989013433456421,0.6614179015159607,0.8832577466964722,0.9500941038131714,0.0001121161112678,0.0196513514965772,0.0001108340511564,0.0001057134504662,0.8661034107208252,0.5914030075073242,0.0001094245526473,0.0001122530447901,0.0001073669554898,0.0001100813678931,0.9482090473175048,0.8476652503013611,0.0001134369085775,0.0058055589906871,0.000113681955554,0.855027973651886,0.6742956638336182,0.0377370901405811,0.8478143811225891,0.8408646583557129,6.230569124454632e-05,0.0001082433300325,0.0178817939013242,4.6159435441950336e-05,0.83416748046875,0.0001022256328724,0.861843466758728,0.8273113369941711,81.9,-4.44,67.48,Day3
0.0005992367514409,0.0033940710127353,0.5964580774307251,0.5850951671600342,0.0021505530457943,0.6121278405189514,0.5774596929550171,0.6291788220405579,0.0001007891187327,0.5801698565483093,0.6460669040679932,6.498192669823766e-05,0.9323194622993468,0.9406681060791016,0.9233281016349792,0.0570138022303581,0.9119043350219728,0.9479666352272034,0.8986560106277466,0.6612131595611572,0.8830020427703857,0.9499170780181884,0.0001145515198004,0.0197344217449426,0.0001132484176196,0.000108038118924,0.8658407926559448,0.5913858413696289,0.0001118176005547,0.0001146989743574,0.0001097149070119,0.0001124836271628,0.9480292797088624,0.8473986387252808,0.0001159049788839,0.0058772373013198,0.0001161444015451,0.8548257946968079,0.6740818023681641,0.0378132872283458,0.8476086854934692,0.840654730796814,6.375023804139346e-05,0.000110609587864,0.0180446859449148,4.721910954685882e-05,0.8339533805847168,0.0001044842720148,0.86164391040802,0.8270430564880371,81.2,-4.31,67.1,Day3
0.0006453496753238,0.0035641412250697,0.5997157096862793,0.5883405208587646,0.0022975506726652,0.6153749227523804,0.5807143449783325,0.6324190497398376,0.0001110782541218,0.5834945440292358,0.6492956280708313,7.210951298475266e-05,0.9316089153289796,0.9400328397750854,0.9225398898124696,0.0571395866572856,0.9110369086265564,0.9474037885665894,0.8977048993110657,0.6644185781478882,0.881966769695282,0.9493987560272216,0.0001265478058485,0.0200847294181585,0.0001251658832188,0.0001195330260088,0.8647294640541077,0.594791829586029,0.0001236186944879,0.0001267523912247,0.0001213039504364,0.0001243581064045,0.947538673877716,0.8462185859680176,0.0001280730211874,0.0061826827004551,0.0001283079618588,0.855693519115448,0.6772635579109192,0.0380739867687225,0.8486006259918213,0.8417734503746033,7.09634114173241e-05,0.0001223003637278,0.0187255907803773,5.261392652755603e-05,0.8351953029632568,0.0001156784128397,0.8623905777931213,0.8258016109466553,82.89,-4.88,66.6,Day3
0.0006044463370926,0.0034137179609388,0.5969287157058716,0.5855603218078613,0.0021667624823749,0.6125999689102173,0.5779211521148682,0.6296523213386536,0.0001019262272166,0.5806355476379395,0.6465409398078918,6.576735904673114e-05,0.9322714805603028,0.9406269192695618,0.9232733249664308,0.057030688971281,0.9118423461914062,0.9479318261146544,0.8985864520072937,0.6616863012313843,0.8829247951507568,0.9498870968818665,0.0001158647573902,0.0197756886482238,0.0001145533751696,0.0001092970123863,0.8657562136650085,0.5918566584587097,0.0001131095123128,0.000116018760309,0.0001109838121919,0.0001137852013926,0.9480036497116088,0.8473072052001953,0.0001172380798379,0.0059101083315908,0.0001174767749034,0.8549965620040894,0.6745539903640747,0.0378447026014328,0.8477967977523804,0.8408606052398682,6.453870446421206e-05,0.0001118901200243,0.0181180853396654,4.781246752827428e-05,0.834176242351532,0.0001057108311215,0.8617978096008301,0.8269454836845398,81.91,-4.4,67.11,Day3
0.0007751476368866,0.0040243775583803,0.6048879623413086,0.5935689210891724,0.0027112206444144,0.6204786896705627,0.58607017993927,0.6374834179878235,0.0001413837017025,0.5891034603118896,0.6543160676956177,9.33044429984875e-05,0.9297664761543274,0.938356876373291,0.9205265641212464,0.0575813502073287,0.9088557958602904,0.9458901286125184,0.89534991979599,0.6693735718727112,0.8794445991516113,0.9479765892028807,0.0001622062991373,0.021028583869338,0.000160596522619,0.0001537641655886,0.8620651364326477,0.6006938219070435,0.0001587356382515,0.0001626027224119,0.0001557854266138,0.0001596754591446,0.946159839630127,0.8434345126152039,0.000164255790878,0.0070434063673019,0.0001644295552978,0.8566862344741821,0.6821509599685669,0.0388234965503215,0.8497968912124634,0.8431748151779175,9.263281390303746e-05,0.000157079542987,0.0206019077450037,6.87603751430288e-05,0.8367946743965149,0.0001490353170083,0.8631817102432251,0.8229184150695801,85.65,-5.31,64.4,Day3
0.0007181048276834,0.0038250032812356,0.6037381887435913,0.5923654437065125,0.0025282022543251,0.6193718910217285,0.5847765207290649,0.6364003419876099,0.0001277985429624,0.587674617767334,0.6532560586929321,8.377838094020262e-05,0.9305810928344728,0.9391077756881714,0.9214062690734864,0.0573550052940845,0.9097972512245178,0.946578085422516,0.8963540196418762,0.668343186378479,0.8805060386657715,0.9486328959465028,0.0001461306819692,0.0206133313477039,0.0001446265086997,0.0001383271155646,0.8631715774536133,0.5991079807281494,0.0001428988471161,0.0001464375673094,0.0001402383932145,0.0001437563187209,0.9468075633049012,0.8445751070976257,0.0001479428174206,0.0066579631529748,0.0001481569634051,0.8566948771476746,0.6811518669128418,0.0384775884449481,0.8497560024261475,0.8430851697921753,8.283606439363211e-05,0.0001414004218531,0.019768014550209,6.14872042206116e-05,0.8366587162017822,0.0001339922018814,0.8632411956787109,0.824083685874939,85.28,-5.45,65.63,Day3
0.0006681398372165,0.0036459728144109,0.6028214693069458,0.5913925170898438,0.0023663737811148,0.6184985041618347,0.583711564540863,0.6355509161949158,0.0001161686450359,0.5864761471748352,0.6524295806884766,7.567767897853628e-05,0.9313627481460572,0.9398292899131776,0.9222493767738342,0.0571379624307155,0.9106985926628112,0.9472401738166808,0.8973144292831421,0.6675457954406738,0.8815203309059143,0.9492661952972412,0.0001324009208474,0.0202272366732358,0.0001309928193222,0.0001251625362783,0.8642278909683228,0.5977543592453003,0.0001293824898311,0.0001326358324149,0.0001269706117454,0.0001301704032812,0.9474350810050964,0.8456628322601318,0.0001340136805083,0.0063110440969467,0.0001342578470939,0.8567880988121033,0.6803848743438721,0.0381504222750663,0.8498081564903259,0.8430972099304199,7.453170837834477e-05,0.0001280210126424,0.0190057102590799,5.532766590476968e-05,0.8366327285766602,0.0001211721610161,0.863376796245575,0.8251937031745911,85.25,-5.61,66.82,Day3
0.0006495147245004,0.0035764568019658,0.603509783744812,0.5920324325561523,0.0023049099836498,0.6192137002944946,0.5842819213867188,0.6362779140472412,0.0001118969521485,0.5869680047035217,0.6531651020050049,7.273472874658182e-05,0.9315933585166932,0.9400518536567688,0.922487497329712,0.0569881610572338,0.9109408855438232,0.9474539160728456,0.8975585103034973,0.6682894229888916,0.8817614316940308,0.9494792819023132,0.0001273406669497,0.0200534164905548,0.00012597591558,0.0001203215288114,0.864460825920105,0.5981534719467163,0.0001244048326043,0.000127547988086,0.0001220874837599,0.0001251688663614,0.947655439376831,0.845882773399353,0.0001288781495532,0.0061713433824479,0.0001291442313231,0.857149600982666,0.6811379790306091,0.0379762202501297,0.850191593170166,0.843504786491394,7.150453166104853e-05,0.0001230978232342,0.0186943095177412,5.310115011525341e-05,0.8370653986930847,0.0001164632412837,0.8637191653251648,0.8253965973854065,84.45,-6.06,67.49,Day3
0.0006828790064901,0.0036961000878363,0.6064434051513672,0.5949376821517944,0.0024087270721793,0.6221479177474976,0.5871673822402954,0.6392097473144531,0.0001194594151456,0.5898783206939697,0.6560892462730408,7.802296750014648e-05,0.9311361312866212,0.9396507143974304,0.9219723343849182,0.0570417456328868,0.9103654026985168,0.9471061825752258,0.8969185948371887,0.6711967587471008,0.8810549974441528,0.9491673111915588,0.0001361248287139,0.0202810261398553,0.000134712565341,0.000128758867504,0.8636922836303711,0.6010909676551819,0.0001330533559666,0.0001363763585686,0.0001305850018979,0.0001338776346528,0.9473701119422911,0.8450561165809631,0.0001377898879582,0.0063772005960345,0.0001380604226142,0.8580366373062134,0.6840289831161499,0.0381292924284935,0.851186990737915,0.8446111679077148,7.684111915295944e-05,0.0001316725683864,0.0191465988755226,5.7122080761473626e-05,0.8382800817489624,0.0001246899919351,0.8645013570785522,0.8245162963867188,86.11,-6.66,67.34,Day3
0.0006653176969848,0.0036340679507702,0.6038152575492859,0.5923566818237305,0.0023562998976558,0.6195047497749329,0.5846368074417114,0.6365609169006348,0.0001155128411483,0.5873674750328064,0.6534403562545776,7.524254033342004e-05,0.9313345551490784,0.9398130774497986,0.9222081899642944,0.0570602379739284,0.9106420278549194,0.9472349286079408,0.8972399234771729,0.6685550808906555,0.8814247846603394,0.9492698907852172,0.0001315985136898,0.0201802216470241,0.0001302027958445,0.0001243998412974,0.864109992980957,0.5986047387123108,0.0001285943144466,0.0001318268477916,0.0001261998986592,0.0001293800305575,0.9474478960037231,0.8455212712287903,0.0001331964158453,0.0062824403867125,0.0001334551197942,0.8571186065673828,0.6813934445381165,0.038084477186203,0.8501742482185364,0.8435007929801941,7.406726945191622e-05,0.0001272450172109,0.0189411249011755,5.500276529346593e-05,0.8370740413665771,0.0001204336731461,0.8636740446090698,0.825027585029602,84.45,-6.01,67.1,Day3
0.0009190233540721,0.0045046270824968,0.6093387603759766,0.598085343837738,0.0031633346807211,0.6248568296432495,0.5907196998596191,0.6418179273605347,0.0001769535592757,0.5939978361129761,0.6586034297943115,0.000118572388601,0.9279544949531556,0.9367029070854188,0.918552577495575,0.0580005906522274,0.9067246317863464,0.944391131401062,0.8930567502975464,0.6735949516296387,0.8769971132278442,0.946564555168152,0.0002043858548859,0.0219470653682947,0.0002025430731009,0.0001943893439602,0.8594889044761658,0.6058690547943115,0.0002003448025789,0.000205040720175,0.0001966448471648,0.0002015128848142,0.9447876811027528,0.840751588344574,0.0002070763439405,0.0079562840983271,0.0002071442722808,0.8574210405349731,0.6863047480583191,0.0395379848778247,0.8507080674171448,0.8442631363868713,0.0001187095040222,0.0001982936373678,0.0225249137729406,8.819394861347973e-05,0.8380539417266846,0.0001886777899926,0.8637410998344421,0.8201490044593811,84.45,-6.01,67.1,Day3
0.0006653176969848,0.0036340679507702,0.6038152575492859,0.5923566818237305,0.0023562998976558,0.6195047497749329,0.5846368074417114,0.6365609169006348,0.0001155128411483,0.5873674750328064,0.6534403562545776,7.524254033342004e-05,0.9313345551490784,0.9398130774497986,0.9222081899642944,0.0570602379739284,0.9106420278549194,0.9472349286079408,0.8972399234771729,0.6685550808906555,0.8814247846603394,0.9492698907852172,0.0001315985136898,0.0201802216470241,0.0001302027958445,0.0001243998412974,0.864109992980957,0.5986047387123108,0.0001285943144466,0.0001318268477916,0.0001261998986592,0.0001293800305575,0.9474478960037231,0.8455212712287903,0.0001331964158453,0.0062824403867125,0.0001334551197942,0.8571186065673828,0.6813934445381165,0.038084477186203,0.8501742482185364,0.8435007929801941,7.406726945191622e-05,0.0001272450172109,0.0189411249011755,5.500276529346593e-05,0.8370740413665771,0.0001204336731461,0.8636740446090698,0.825027585029602,87.36,-5.56,62.09,Day3
0.0009190233540721,0.0045046270824968,0.6093387603759766,0.598085343837738,0.0031633346807211,0.6248568296432495,0.5907196998596191,0.6418179273605347,0.0001769535592757,0.5939978361129761,0.6586034297943115,0.000118572388601,0.9279544949531556,0.9367029070854188,0.918552577495575,0.0580005906522274,0.9067246317863464,0.944391131401062,0.8930567502975464,0.6735949516296387,0.8769971132278442,0.946564555168152,0.0002043858548859,0.0219470653682947,0.0002025430731009,0.0001943893439602,0.8594889044761658,0.6058690547943115,0.0002003448025789,0.000205040720175,0.0001966448471648,0.0002015128848142,0.9447876811027528,0.840751588344574,0.0002070763439405,0.0079562840983271,0.0002071442722808,0.8574210405349731,0.6863047480583191,0.0395379848778247,0.8507080674171448,0.8442631363868713,0.0001187095040222,0.0001982936373678,0.0225249137729406,8.819394861347973e-05,0.8380539417266846,0.0001886777899926,0.8637410998344421,0.8201490044593811,87.36,-5.56,62.09,Day3
0.0008876827196218,0.004403612576425,0.6062507033348083,0.5950491428375244,0.0030714047607034,0.6217533946037292,0.5877373814582825,0.638709306716919,0.0001692000805633,0.5910326838493347,0.6554956436157227,0.0001129816664615,0.9282119274139404,0.9369163513183594,0.918855607509613,0.0580022372305393,0.907076358795166,0.9445629715919496,0.8934613466262817,0.6704965829849243,0.8774581551551819,0.9467037916183472,0.0001953510654857,0.0217927154153585,0.0001935338077601,0.0001856467424659,0.8600050806999207,0.6029266715049744,0.000191419821931,0.0001959457877092,0.0001878697803476,0.0001925154938362,0.9448962211608888,0.841321587562561,0.0001978975633392,0.0077947173267602,0.0001979639782803,0.856330394744873,0.6832143068313599,0.0394588522613048,0.8495064377784729,0.8429473638534546,0.0001130267119151,0.0001894336455734,0.0221941191703081,8.386830450035632e-05,0.8366265892982483,0.0001801238249754,0.8627570271492004,0.8207705616950989,85.0,-4.88,61.95,Day3
0.0008894716738723,0.004407787695527,0.6085689663887024,0.5973016619682312,0.0030712673906236,0.624100923538208,0.58990877866745,0.641069769859314,0.0001695028622634,0.5931389331817627,0.6578634977340698,0.0001132516554207,0.9282755851745604,0.9369967579841614,0.9189015626907348,0.05791025608778,0.9071002006530762,0.944658100605011,0.8934594392776489,0.6728665232658386,0.8774251341819763,0.9468162655830384,0.0001955316256498,0.0217639468610286,0.0001937354390975,0.0001858507748693,0.8599374294281006,0.6049550771713257,0.0001916053297463,0.0001961289526661,0.0001880624477053,0.0001927239354699,0.9450321793556212,0.8412165641784668,0.0001980844535864,0.0077724196016788,0.0001981796522159,0.8572835326194763,0.6855881214141846,0.0393930748105049,0.8505401611328125,0.8440648317337036,0.0001132025281549,0.0001896360336104,0.0221427790820598,8.408861322095618e-05,0.8378266096115112,0.0001803410559659,0.8636341094970703,0.8206264972686768,86.65,-5.57,62.56,Day3
0.0009793152566999,0.0046966443769633,0.6110050678253174,0.5997815728187561,0.0033525098115205,0.6264904737472534,0.5924708247184753,0.6434295177459717,0.0001924864773172,0.5958448648452759,0.6601912975311279,0.0001297272829106,0.9271329641342164,0.9359514713287354,0.9176588654518129,0.0581330321729183,0.9057608842849731,0.9437085390090942,0.8920201659202576,0.675152063369751,0.8758907318115234,0.9459195137023926,0.0002229382080258,0.0222901813685894,0.0002210040402133,0.000212291808566,0.8583240509033203,0.6078248023986816,0.0002186650672229,0.0002237109438283,0.0002146364568034,0.0002199231676058,0.944157898426056,0.8395374417304993,0.0002259090688312,0.0083316918462514,0.0002259282191516,0.8575736284255981,0.6878304481506348,0.0397912301123142,0.8509281873703003,0.8445514440536499,0.0001303103490499,0.0002164391771657,0.0232986621558666,9.683023381512612e-05,0.838408887386322,0.0002061602572211,0.8638266324996948,0.8188939094543457,86.24,-5.75,61.19,Day3
0.0008645188063383,0.0043271402828395,0.6068083047866821,0.595556378364563,0.0029946123249828,0.6223421692848206,0.5881750583648682,0.6393156051635742,0.0001632874336792,0.5913914442062378,0.6561171412467957,0.000108795815322,0.9286246299743652,0.9373061060905457,0.9192917943000792,0.0578987188637256,0.907532811164856,0.944929301738739,0.8939374685287476,0.6711334586143494,0.8779498338699341,0.9470629692077636,0.0001882020151242,0.0216325428336858,0.0001864357764134,0.0001787763758329,0.8605053424835205,0.6031937599182129,0.0001843699283199,0.0001887557009467,0.0001809528766898,0.0001854448782978,0.9452621936798096,0.8418247103691101,0.0001906453107949,0.0076273041777312,0.0001907436962937,0.8568154573440552,0.6838680505752563,0.0393165461719036,0.8500064015388489,0.8434635996818542,0.0001086275733541,0.0001824628125177,0.0218409802764654,8.06478492449969e-05,0.8371589183807373,0.0001734295074129,0.863229513168335,0.8212720155715942,86.74,-5.15,62.68,Day3
0.0006346466834656,0.003522656392306,0.5980377197265625,0.5867078304290771,0.0022685315925627,0.613672137260437,0.5791285037994385,0.63069748878479,0.0001088171848095,0.5819353461265564,0.6475576162338257,7.053499575704336e-05,0.9314025044441224,0.9398306608200072,0.9223283529281616,0.0570878572762012,0.910821795463562,0.9472065567970276,0.8974856734275818,0.6626685857772827,0.8817448616027832,0.949195146560669,0.0001240313577,0.0199978593736886,0.0001226590247824,0.000117104347737,0.8645083904266357,0.5932615995407104,0.0001211378621519,0.0001242156577063,0.0001188642345368,0.0001218420948134,0.9473168849945068,0.8460000157356262,0.0001255076931556,0.0061340760439634,0.0001257458498002,0.8547712564468384,0.6755003929138184,0.0380036644637584,0.8476212620735168,0.8407357931137085,6.942961772438139e-05,0.0001198327227029,0.0186216533184051,5.142176087247208e-05,0.834102988243103,0.0001133025289163,0.8615233898162842,0.8255864381790161,77.12,-4.6,66.05,Day3
0.0005918540991842,0.0033642465714365,0.5950113534927368,0.5836915373802185,0.0021313752513378,0.6106563210487366,0.5761014223098755,0.6276882886886597,9.929285442922264e-05,0.5788403749465942,0.644559383392334,6.394599040504545e-05,0.9320910573005676,0.9404473304748536,0.9230911135673524,0.0569706335663795,0.9116600751876832,0.9477539658546448,0.8984038829803467,0.6596922874450684,0.8827431797981262,0.94970041513443,0.0001129152224166,0.0196695774793624,0.000111617744551,0.0001064576863427,0.8655790090560913,0.5900874137878418,0.0001102049936889,0.0001130483869928,0.0001081281952792,0.0001108434589696,0.9477965831756592,0.8471357822418213,0.0001142346445703,0.0058473022654652,0.0001144765046774,0.8539848923683167,0.6725465059280396,0.037759106606245,0.8467186689376831,0.839714765548706,6.275656778598204e-05,0.0001090035075321,0.0179809108376503,4.643838474294171e-05,0.8329665660858154,0.0001029373670462,0.8608502149581909,0.826780378818512,75.77,-4.04,66.46,Day3
0.0005714384606108,0.0032867295667529,0.5951030254364014,0.5837375521659851,0.0020624892786145,0.61077880859375,0.5760806798934937,0.6278281211853027,9.475438127992676e-05,0.5787360668182373,0.6447150111198425,6.08412992733065e-05,0.9325308799743652,0.940857708454132,0.9235610961914062,0.0568519830703735,0.9121580123901368,0.9481350183486938,0.8989297151565552,0.6598654985427856,0.883293628692627,0.9500702619552612,0.0001075497712008,0.0194839406758546,0.0001062989249476,0.0001013369037536,0.8661468625068665,0.589885950088501,0.0001049336933647,0.0001076605840353,0.0001029562190524,0.0001055507746059,0.948170006275177,0.8477150201797485,0.000108796848508,0.0056896479800343,0.0001090496589313,0.8543052077293396,0.6727385520935059,0.0375914499163627,0.8470374345779419,0.8400330543518066,5.957731627859175e-05,0.0001037906404235,0.017621885985136,4.410099791130051e-05,0.8332847952842712,9.796170343179256e-05,0.8611738681793213,0.8273659348487854,76.84,-4.26,67.21,Day3
0.0005024974234402,0.0030197447631508,0.5886279344558716,0.5773125886917114,0.0018403322901576,0.604304313659668,0.5696722269058228,0.6213524341583252,8.008380973478779e-05,0.5722284317016602,0.6382482051849365,5.080521441414021e-05,0.9337003231048584,0.9418947696685792,0.9248676300048828,0.0566651448607444,0.9136061072349548,0.9490454196929932,0.9005286693572998,0.6534303426742554,0.8850464820861816,0.9509005546569824,9.05544075067155e-05,0.0189090184867382,8.942614658735693e-05,8.509539475198835e-05,0.8680416941642761,0.5832601189613342,8.823819371173158e-05,9.059578587766735e-05,8.656094723846763e-05,8.87489877641201e-05,0.948946475982666,0.8497406840324402,9.156636951956898e-05,0.0052190814167261,9.181127097690478e-05,0.8524333834648132,0.6663360595703125,0.0371684879064559,0.8449182510375977,0.8376609683036804,4.9499103624839336e-05,8.725244697416201e-05,0.016544772312045,3.656400440377183e-05,0.8306661248207092,8.216326386900619e-05,0.8595418930053711,0.8295109868049622,73.07,-2.88,67.39,Day3
0.0005554550443775,0.0032252823002636,0.5945595502853394,0.5831782817840576,0.002009930089116,0.6102486848831177,0.5754925608634949,0.6273050308227539,9.127492376137523e-05,0.5781009197235107,0.6441988945007324,5.846116982866079e-05,0.9328092932701112,0.9411129951477052,0.923863172531128,0.0567717552185058,0.9124830365180968,0.948367714881897,0.8992782235145569,0.6593590974807739,0.8836641311645508,0.9502914547920228,0.0001034785600495,0.0193411745131015,0.0001022602446028,9.744805720401928e-05,0.8665353059768677,0.589195728302002,0.0001009335828712,0.0001035716486512,9.90300759440288e-05,0.0001015292873489,0.9483875036239624,0.8481177687644958,0.0001046687539201,0.0055733961053192,0.0001049266866175,0.8542510271072388,0.6722425818443298,0.0374689698219299,0.8469605445861816,0.8399337530136108,5.716349187423475e-05,9.983163181459533e-05,0.0173566807061433,4.231136335874908e-05,0.8331640362739563,9.41808320931159e-05,0.8611423969268799,0.8277797102928162,76.47,-4.25,67.52,Day3
0.0004652824718505,0.002869373653084,0.5894498825073242,0.5780124664306641,0.0017111704219132,0.6052063703536987,0.5701996088027954,0.6223009824752808,7.224958972074091e-05,0.5725517272949219,0.639238178730011,4.553983671939932e-05,0.9347129464149476,0.9428427815437316,0.9259464144706726,0.056391391903162,0.9147461652755736,0.9499290585517884,0.9017298817634584,0.6544644832611084,0.8863006830215454,0.9517635107040404,8.132786024361849e-05,0.0185139775276184,8.029187301872298e-05,7.63257485232316e-05,0.8693321347236633,0.5833461284637451,7.919081690488383e-05,8.133903611451387e-05,7.768694194965065e-05,7.966838893480599e-05,0.9498247504234314,0.8510532379150391,8.222196629503742e-05,0.0049082646146416,8.248198719229549e-05,0.8534555435180664,0.6674174070358276,0.0367951914668083,0.8459593057632446,0.8387240767478943,4.4138618250144646e-05,7.831024413462728e-05,0.0158100873231887,3.264091719756834e-05,0.8317513465881348,7.365810597548261e-05,0.8605499863624573,0.830833911895752,76.63,-3.58,69.37,Day3
0.0005955622764304,0.0033784739207476,0.5963526368141174,0.5849945545196533,0.0021403958089649,0.6120171546936035,0.577360987663269,0.6290615797042847,0.0001000356714939,0.5800695419311523,0.6459424495697021,6.4469626522623e-05,0.9321793913841248,0.9405394792556764,0.923175573348999,0.0569576770067215,0.9117388129234314,0.9478490352630616,0.898475706577301,0.6610816717147827,0.8828060030937195,0.9498031735420228,0.0001137091749114,0.0196893457323312,0.0001124121117754,0.0001072280138032,0.8656303882598877,0.5912821888923645,0.0001109880467993,0.0001138483785325,0.0001089003271772,0.0001116417915909,0.9479130506515504,0.8471741676330566,0.0001150441239587,0.0058571095578372,0.0001152906697825,0.8546162247657776,0.673943042755127,0.0377613641321659,0.8473970890045166,0.8404418230056763,6.324831338133663e-05,0.0001097858621506,0.0180003717541694,4.6835448301862925e-05,0.8337405920028687,0.0001036936009768,0.8614367246627808,0.8268049359321594,78.27,-4.4,66.93,Day3
0.0008124014711938,0.0041544893756508,0.5980069637298584,0.5869591236114502,0.0028510035481303,0.6134532690048218,0.5798064470291138,0.6303801536560059,0.0001509870780864,0.5831605792045593,0.647153377532959,9.992831473937258e-05,0.928707242012024,0.9373094439506532,0.919456422328949,0.0579929873347282,0.9077914357185364,0.9448602795600892,0.8943004608154297,0.6621639728546143,0.8784308433532715,0.94692063331604,0.0001742124586598,0.0213986281305551,0.000172461834154,0.0001652109640417,0.8611105680465698,0.5951261520385742,0.0001705485337879,0.000174669214175,0.000167349455296,0.0001714676909614,0.945030927658081,0.842557966709137,0.0001764196931617,0.0074066841043531,0.0001764847984304,0.8532369136810303,0.6748879551887512,0.0392498970031738,0.8461155295372009,0.8392502665519714,9.981089533539488e-05,0.0001687130716163,0.0213932916522026,7.380477472906932e-05,0.8326312899589539,0.0001601365511305,0.8599490523338318,0.8221332430839539,76.68,-3.03,61.36,Day3
0.0009265000699087,0.0045293583534657,0.601604700088501,0.5906103849411011,0.0032143152784556,0.6169909834861755,0.5835636854171753,0.6338796615600586,0.0001796627620933,0.5871136784553528,0.6506111025810242,0.0001203356296173,0.9270458817481996,0.9357896447181702,0.91764897108078,0.0582667551934719,0.9058420658111572,0.9434793591499328,0.8922032117843628,0.6655642986297607,0.876191258430481,0.9456151723861694,0.0002084598818328,0.022096199914813,0.0002065134030999,0.0001981883542612,0.8587511777877808,0.5993040800094604,0.0002043365529971,0.0002091201895382,0.0002005217829719,0.0002054081996902,0.9437559843063354,0.8400970697402954,0.0002111723733833,0.0081450538709759,0.0002111449866788,0.8536354303359985,0.6782287359237671,0.0397708639502525,0.8466612100601196,0.8399447798728943,0.0001210139744216,0.0002021631662501,0.022935776039958,8.95237535587512e-05,0.8334712386131287,0.0001923077943501,0.8602016568183899,0.8195875287055969,74.72,-3.47,59.56,Day3
0.0009304291452281,0.0045441915281116,0.6006090044975281,0.5896449089050293,0.0032280453015118,0.6159822344779968,0.5826376676559448,0.632866621017456,0.0001806830405257,0.5862221717834473,0.6495965719223022,0.0001210314003401,0.9270756244659424,0.9358068108558656,0.9176923036575316,0.0583459995687007,0.905901312828064,0.9434850215911864,0.8922808766365051,0.6645504236221313,0.8762904405593872,0.9456112384796144,0.0002097310352837,0.022147549316287,0.0002077663666568,0.0001994025951717,0.8588728904724121,0.5984541177749634,0.0002055892400676,0.0002104034356307,0.0002017466467805,0.0002066630986519,0.9437422752380372,0.8402426242828369,0.0002124679740518,0.0081820683553814,0.0002124149177689,0.8532981872558594,0.6772149205207825,0.0398396179080009,0.8462881445884705,0.839533805847168,0.0001217727403854,0.0002033963100984,0.0230136681348085,9.005272295325994e-05,0.8330221176147461,0.0001934865722432,0.8598981499671936,0.8197575807571411,75.54,-3.06,59.25,Day3
0.0007975237676873,0.0040994016453623,0.6066518425941467,0.5953169465065002,0.0027806367725133,0.6222409009933472,0.5878065824508667,0.6392416954040527,0.0001467653783038,0.5908541083335876,0.65606689453125,9.712633618619292e-05,0.9294226169586182,0.9380523562431335,0.9201418161392212,0.0575928166508674,0.9084287285804749,0.9456233978271484,0.8948774933815002,0.6711113452911377,0.8789253234863281,0.9477339386940002,0.0001685238385107,0.0211564190685749,0.0001668847980909,0.0001598489761818,0.8615025281906128,0.6024590134620667,0.0001649652404012,0.0001689543860265,0.0001619063696125,0.0001659435365581,0.9459333419799804,0.8428313136100769,0.0001706651673885,0.0071774902753531,0.0001708398776827,0.8571546077728271,0.6838761568069458,0.0388991124927997,0.8503313064575195,0.843777060508728,9.653437155066058e-05,0.0001632549101486,0.0208869390189647,7.169414311647415e-05,0.8374636769294739,0.0001549748558318,0.8635863661766052,0.8222776055335999,85.56,-5.72,64.28,Day3
0.0007323997560888,0.003875401802361,0.6038097143173218,0.5924583077430725,0.00257488200441,0.6194283962249756,0.5849016904830933,0.6364485025405884,0.0001311908126808,0.5878422260284424,0.6532965302467346,8.614757098257542e-05,0.9303433895111084,0.9388866424560548,0.9211515784263612,0.0574190244078636,0.9095267057418824,0.9463735818862916,0.89606773853302,0.66837477684021,0.8802056908607483,0.9484355449676514,0.0001501587830716,0.020722022280097,0.0001486256078351,0.0001421898923581,0.8628610372543335,0.5993250012397766,0.0001468649134039,0.000150486594066,0.0001441310305381,0.0001477406476624,0.9466100335121156,0.8442575931549072,0.0001520286750746,0.0067588896490633,0.0001522319071227,0.8565792441368103,0.6811739206314087,0.0385712161660194,0.8496456146240234,0.8429794311523438,8.527898171450943e-05,0.0001453253062209,0.0199881698936224,6.329271855065599e-05,0.8365572690963745,0.0001377538865199,0.8631196022033691,0.8237619400024414,84.93,-5.36,65.24,Day3
0.0007600891403853,0.0039705098606646,0.6060422658920288,0.5946698188781738,0.002660711761564,0.6216604709625244,0.587098240852356,0.6386773586273193,0.0001377206790493,0.5900570154190063,0.6555180549621582,9.076033165911213e-05,0.9299526810646056,0.9385420680046082,0.9207130670547484,0.0574474819004535,0.909038782119751,0.9460731148719788,0.8955267071723938,0.6705820560455322,0.8796101212501526,0.94816392660141,0.0001577954826643,0.0208915695548057,0.0001562251272844,0.0001495392352808,0.8622147440910339,0.6015592217445374,0.0001543918042443,0.0001581645337864,0.0001515264884801,0.0001553164329379,0.9463589191436768,0.8435637950897217,0.0001597775117261,0.0069260885939002,0.0001599811803316,0.8572165966033936,0.6833672523498535,0.0386784188449382,0.850365936756134,0.8437850475311279,8.99697988643311e-05,0.0001527877175249,0.0203471295535564,6.682227831333876e-05,0.837446391582489,0.0001449253759346,0.8636766672134399,0.8230242133140564,85.55,-5.84,65.09,Day3
0.0007975237676873,0.0040994016453623,0.6066518425941467,0.5953169465065002,0.0027806367725133,0.6222409009933472,0.5878065824508667,0.6392416954040527,0.0001467653783038,0.5908541083335876,0.65606689453125,9.712633618619292e-05,0.9294226169586182,0.9380523562431335,0.9201418161392212,0.0575928166508674,0.9084287285804749,0.9456233978271484,0.8948774933815002,0.6711113452911377,0.8789253234863281,0.9477339386940002,0.0001685238385107,0.0211564190685749,0.0001668847980909,0.0001598489761818,0.8615025281906128,0.6024590134620667,0.0001649652404012,0.0001689543860265,0.0001619063696125,0.0001659435365581,0.9459333419799804,0.8428313136100769,0.0001706651673885,0.0071774902753531,0.0001708398776827,0.8571546077728271,0.6838761568069458,0.0388991124927997,0.8503313064575195,0.843777060508728,9.653437155066058e-05,0.0001632549101486,0.0208869390189647,7.169414311647415e-05,0.8374636769294739,0.0001549748558318,0.8635863661766052,0.8222776055335999,85.56,-5.72,64.28,Day3
0.000738903414458,0.0038948263972997,0.606728732585907,0.595308244228363,0.0025916201993823,0.6223734617233276,0.5876672863960266,0.6394017338752747,0.0001326564379269,0.5905476808547974,0.6562504768371582,8.723090286366642e-05,0.9301877021789552,0.9387691020965576,0.92095547914505,0.0572969131171703,0.9092850685119628,0.9462912678718568,0.8957745432853699,0.6713223457336426,0.8798545598983765,0.9483814239501952,0.000151764936163,0.0207121428102254,0.0001502418454037,0.0001437554892618,0.8624505996704102,0.6019572019577026,0.0001484518288634,0.0001520978403277,0.0001456991012673,0.0001493485760875,0.9465835690498352,0.8437861204147339,0.0001536548224976,0.0067728613503277,0.0001538878277642,0.8575772047042847,0.6841166615486145,0.0385018810629844,0.8507482409477234,0.8441911339759827,8.631589298602194e-05,0.000146912105265,0.0200142189860343,6.413317169062793e-05,0.8378773927688599,0.0001392937556374,0.8640183806419373,0.8232290744781494,84.74,-6.3,65.8,Day3
0.0007752938545309,0.004021274857223,0.6073378324508667,0.5959550142288208,0.0027084397152066,0.6229534149169922,0.5883752703666687,0.6399654746055603,0.0001413686113664,0.5913443565368652,0.6567986607551575,9.334947390016168e-05,0.9296592473983764,0.9382811188697816,0.9203858375549316,0.057441908866167,0.9086765646934508,0.9458432793617249,0.8951267004013062,0.6718510389328003,0.8791710138320923,0.9479531049728394,0.0001620835246285,0.0209747701883316,0.0001604934805072,0.0001536668423796,0.861739456653595,0.6028566360473633,0.0001586183643667,0.00016247361782,0.0001556796923978,0.000159567411174,0.9461597204208374,0.8430545330047607,0.0001641252165427,0.0070187440142035,0.0001643330178922,0.8575153946876526,0.6846249103546143,0.0387215986847877,0.8507136702537537,0.8441831469535828,9.261381637770684e-05,0.0001569774176459,0.0205453727394342,6.880892033223063e-05,0.8378945589065552,0.000148952633026,0.8639283180236816,0.822483241558075,84.76,-6.19,65.0,Day3
0.000738903414458,0.0038948263972997,0.606728732585907,0.595308244228363,0.0025916201993823,0.6223734617233276,0.5876672863960266,0.6394017338752747,0.0001326564379269,0.5905476808547974,0.6562504768371582,8.723090286366642e-05,0.9301877021789552,0.9387691020965576,0.92095547914505,0.0572969131171703,0.9092850685119628,0.9462912678718568,0.8957745432853699,0.6713223457336426,0.8798545598983765,0.9483814239501952,0.000151764936163,0.0207121428102254,0.0001502418454037,0.0001437554892618,0.8624505996704102,0.6019572019577026,0.0001484518288634,0.0001520978403277,0.0001456991012673,0.0001493485760875,0.9465835690498352,0.8437861204147339,0.0001536548224976,0.0067728613503277,0.0001538878277642,0.8575772047042847,0.6841166615486145,0.0385018810629844,0.8507482409477234,0.8441911339759827,8.631589298602194e-05,0.000146912105265,0.0200142189860343,6.413317169062793e-05,0.8378773927688599,0.0001392937556374,0.8640183806419373,0.8232290744781494,84.74,-6.3,65.8,Day3
0.0006681398372165,0.0036459728144109,0.6028214693069458,0.5913925170898438,0.0023663737811148,0.6184985041618347,0.583711564540863,0.6355509161949158,0.0001161686450359,0.5864761471748352,0.6524295806884766,7.567767897853628e-05,0.9313627481460572,0.9398292899131776,0.9222493767738342,0.0571379624307155,0.9106985926628112,0.9472401738166808,0.8973144292831421,0.6675457954406738,0.8815203309059143,0.9492661952972412,0.0001324009208474,0.0202272366732358,0.0001309928193222,0.0001251625362783,0.8642278909683228,0.5977543592453003,0.0001293824898311,0.0001326358324149,0.0001269706117454,0.0001301704032812,0.9474350810050964,0.8456628322601318,0.0001340136805083,0.0063110440969467,0.0001342578470939,0.8567880988121033,0.6803848743438721,0.0381504222750663,0.8498081564903259,0.8430972099304199,7.453170837834477e-05,0.0001280210126424,0.0190057102590799,5.532766590476968e-05,0.8366327285766602,0.0001211721610161,0.863376796245575,0.8251937031745911,85.25,-5.61,66.82,Day3
0.0005709346150979,0.0032840282656252,0.6002820134162903,0.588748574256897,0.0020498516969382,0.6160440444946289,0.5808886289596558,0.6331427097320557,9.43857230595313e-05,0.5833791494369507,0.6500667333602905,6.0647933423751965e-05,0.93297278881073,0.9413094520568848,0.9239922761917114,0.0566809475421905,0.9125693440437316,0.9485927820205688,0.8993154168128967,0.6652425527572632,0.8836420774459839,0.9505549669265748,0.0001068471028702,0.0194152053445577,0.0001056289183907,0.0001007070823106,0.8664462566375732,0.594338059425354,0.0001042526782839,0.000106960258563,0.0001023018994601,0.000104903076135,0.9487069249153136,0.8479562997817993,0.0001080958245438,0.005622939672321,0.0001083787356037,0.8567209839820862,0.6781444549560547,0.0374574474990367,0.8496332168579102,0.8428159952163696,5.923486241954379e-05,0.0001031436113407,0.0174599234014749,4.396670556161553e-05,0.8362501859664917,9.737505752127618e-05,0.8634194135665894,0.8275431394577026,84.16,-5.81,69.11,Day3
0.0007056398899294,0.0037759139668196,0.608437716960907,0.5969144105911255,0.0024797089863568,0.6241404414176941,0.5891314744949341,0.641197681427002,0.0001247038890141,0.5918587446212769,0.6580690145492554,8.170830551534891e-05,0.9307740926742554,0.9393311738967896,0.9215660095214844,0.0570615194737911,0.909913182258606,0.9468273520469666,0.8964170217514038,0.673162043094635,0.880502462387085,0.948914647102356,0.0001422353234374,0.0204257126897573,0.0001407916279276,0.0001346316566923,0.863092303276062,0.6030887365341187,0.0001390715915476,0.0001425170194124,0.000136498521897,0.0001399362372467,0.9471353888511658,0.8444116115570068,0.0001439883053535,0.0065168221481144,0.0001442630309611,0.858585000038147,0.6859802603721619,0.038219466805458,0.8518093228340149,0.8453094363212585,8.057129889493808e-05,0.0001376394066028,0.0194512996822595,5.993237573420629e-05,0.8390529155731201,0.000130418135086,0.8649783134460449,0.8238304853439331,86.38,-7.11,67.21,Day3
0.0006740110111422,0.0036656656302511,0.6045169830322266,0.5930505990982056,0.0023829818237572,0.6202077865600586,0.5853257179260254,0.6372649669647217,0.0001174728531623,0.5880624055862427,0.6541444063186646,7.661086419830099e-05,0.931261658668518,0.9397504925727844,0.9221248626708984,0.0570855885744094,0.9105478525161744,0.9471820592880248,0.8971343040466309,0.669256865978241,0.8813074827194214,0.9492243528366088,0.0001338681904599,0.0202435441315174,0.0001324597687926,0.0001265808823518,0.8639817237854004,0.5993068218231201,0.0001308291539316,0.0001341089082416,0.0001283957099076,0.0001316320413025,0.9474090337753296,0.845382809638977,0.0001355008716927,0.0063352012075483,0.0001357582368655,0.8573713898658752,0.6820931434631348,0.0381319560110569,0.8504525423049927,0.8438050150871277,7.54455104470253e-05,0.0001294610992772,0.0190567001700401,5.604252146440558e-05,0.8374032974243164,0.0001225605956278,0.8639020919799805,0.8248798847198486,85.51,-6.12,67.08,Day3
0.0006740110111422,0.0036656656302511,0.6045169830322266,0.5930505990982056,0.0023829818237572,0.6202077865600586,0.5853257179260254,0.6372649669647217,0.0001174728531623,0.5880624055862427,0.6541444063186646,7.661086419830099e-05,0.931261658668518,0.9397504925727844,0.9221248626708984,0.0570855885744094,0.9105478525161744,0.9471820592880248,0.8971343040466309,0.669256865978241,0.8813074827194214,0.9492243528366088,0.0001338681904599,0.0202435441315174,0.0001324597687926,0.0001265808823518,0.8639817237854004,0.5993068218231201,0.0001308291539316,0.0001341089082416,0.0001283957099076,0.0001316320413025,0.9474090337753296,0.845382809638977,0.0001355008716927,0.0063352012075483,0.0001357582368655,0.8573713898658752,0.6820931434631348,0.0381319560110569,0.8504525423049927,0.8438050150871277,7.54455104470253e-05,0.0001294610992772,0.0190567001700401,5.604252146440558e-05,0.8374032974243164,0.0001225605956278,0.8639020919799805,0.8248798847198486,85.51,-6.12,67.08,Day3
0.0006994941504672,0.0037556421011686,0.606748104095459,0.5952612161636353,0.0024624308571219,0.6224381327629089,0.5875216722488403,0.6394917368888855,0.0001233197544934,0.5902769565582275,0.6563634872436523,8.071302727330476e-05,0.9308757781982422,0.9394104480743408,0.9216912984848022,0.0571138523519039,0.9100648760795592,0.9468858242034912,0.896598219871521,0.6714612245559692,0.8807166218757629,0.9489567279815674,0.0001406760857207,0.0204092562198638,0.000139232550282,0.0001331231469521,0.8633398413658142,0.6015411615371704,0.0001375337888021,0.0001409514661645,0.0001349834928987,0.0001383822818752,0.9471614956855774,0.8446930646896362,0.000142407399835,0.0064919744618237,0.0001426690432708,0.8580058217048645,0.6842832565307617,0.038237988948822,0.851169764995575,0.8446071743965149,7.959517824929208e-05,0.0001361084723612,0.0193992555141448,5.916785084991716e-05,0.8382886648178101,0.0001289409410674,0.8644565343856812,0.8241457939147949,86.12,-6.6,66.94,Day3
0.0009173493599519,0.0044969022274017,0.6094672679901123,0.5982159376144409,0.0031602354720234,0.6249806880950928,0.5908505916595459,0.6419355869293213,0.0001766186323948,0.5941290855407715,0.6587140560150146,0.0001183463609777,0.9277806282043456,0.9365444183349608,0.9183624386787416,0.0579521059989929,0.9065176844596864,0.9442474246025084,0.8928311467170715,0.6736980676651001,0.8767520189285278,0.9464274644851683,0.0002040419785771,0.0219198986887931,0.0002022024709731,0.0001940521178767,0.8592261075973511,0.605999231338501,0.0002000035456148,0.0002046873560175,0.0001963100658031,0.0002011584874708,0.9446510076522828,0.8404718637466431,0.0002067163295578,0.0079511823132634,0.0002067973546218,0.8572987914085388,0.6864001750946045,0.0395001173019409,0.8505926132202148,0.8441552519798279,0.0001185007276944,0.0001979522785404,0.0225153099745512,8.80251609487459e-05,0.8379547595977783,0.0001883452641777,0.8636126518249512,0.8198531270027161,86.12,-6.6,66.94,Day3
0.0006994941504672,0.0037556421011686,0.606748104095459,0.5952612161636353,0.0024624308571219,0.6224381327629089,0.5875216722488403,0.6394917368888855,0.0001233197544934,0.5902769565582275,0.6563634872436523,8.071302727330476e-05,0.9308757781982422,0.9394104480743408,0.9216912984848022,0.0571138523519039,0.9100648760795592,0.9468858242034912,0.896598219871521,0.6714612245559692,0.8807166218757629,0.9489567279815674,0.0001406760857207,0.0204092562198638,0.000139232550282,0.0001331231469521,0.8633398413658142,0.6015411615371704,0.0001375337888021,0.0001409514661645,0.0001349834928987,0.0001383822818752,0.9471614956855774,0.8446930646896362,0.000142407399835,0.0064919744618237,0.0001426690432708,0.8580058217048645,0.6842832565307617,0.038237988948822,0.851169764995575,0.8446071743965149,7.959517824929208e-05,0.0001361084723612,0.0193992555141448,5.916785084991716e-05,0.8382886648178101,0.0001289409410674,0.8644565343856812,0.8241457939147949,84.81,-5.77,62.13,Day3
0.0009173493599519,0.0044969022274017,0.6094672679901123,0.5982159376144409,0.0031602354720234,0.6249806880950928,0.5908505916595459,0.6419355869293213,0.0001766186323948,0.5941290855407715,0.6587140560150146,0.0001183463609777,0.9277806282043456,0.9365444183349608,0.9183624386787416,0.0579521059989929,0.9065176844596864,0.9442474246025084,0.8928311467170715,0.6736980676651001,0.8767520189285278,0.9464274644851683,0.0002040419785771,0.0219198986887931,0.0002022024709731,0.0001940521178767,0.8592261075973511,0.605999231338501,0.0002000035456148,0.0002046873560175,0.0001963100658031,0.0002011584874708,0.9446510076522828,0.8404718637466431,0.0002067163295578,0.0079511823132634,0.0002067973546218,0.8572987914085388,0.6864001750946045,0.0395001173019409,0.8505926132202148,0.8441552519798279,0.0001185007276944,0.0001979522785404,0.0225153099745512,8.80251609487459e-05,0.8379547595977783,0.0001883452641777,0.8636126518249512,0.8198531270027161,84.81,-5.77,62.13,Day3
0.0007719472632743,0.0040096878074109,0.6071046590805054,0.5957242250442505,0.0026982966810464,0.6227198243141174,0.5881462097167969,0.6397316455841064,0.000140578194987,0.5911133289337158,0.6565650105476379,9.279035293729976e-05,0.9296841025352478,0.9383024573326112,0.9204141497612,0.0574333854019641,0.9087085127830504,0.9458613395690918,0.8951625227928162,0.6716181635856628,0.8792107105255127,0.9479686617851256,0.0001611627230886,0.020952908322215,0.0001595768408151,0.0001527792628621,0.8617827892303467,0.602623462677002,0.0001577101938892,0.0001615467481315,0.0001547874271636,0.0001586521102581,0.9461729526519777,0.8431012630462646,0.0001631897030165,0.006999219302088,0.0001633984938962,0.8574312329292297,0.6843927502632141,0.0387055538594722,0.8506211042404175,0.8440819978713989,9.204646630678326e-05,0.0001560768432682,0.0205038245767354,6.838052649982274e-05,0.8377851247787476,0.0001480862119933,0.863852322101593,0.8225329518318176,84.4,-6.16,65.02,Day3
0.0007502896478399,0.0039362949319183,0.6053415536880493,0.5939767360687256,0.0026309285312891,0.6209584474563599,0.5864101648330688,0.6379745006561279,0.0001354230043943,0.5893630981445312,0.6548153758049011,8.913897181628272e-05,0.9300267696380616,0.9386058449745178,0.9207977652549744,0.0574219524860382,0.9091343879699708,0.9461269974708556,0.8956338167190552,0.6698817014694214,0.8797289133071899,0.9482102990150452,0.0001551207824377,0.0208262782543897,0.0001535634364699,0.0001469635317334,0.8623444437980652,0.6008585095405579,0.0001517545169917,0.0001554733462398,0.000148935301695,0.0001526592677691,0.9463984966278076,0.8437036275863647,0.0001570605236338,0.0068684369325637,0.0001572671899339,0.856963574886322,0.6826690435409546,0.0386303029954433,0.8500875234603882,0.8434807658195496,8.832634193822742e-05,0.0001501722435932,0.0202238950878381,6.55826079309918e-05,0.8371173143386841,0.0001424105284968,0.8634483218193054,0.8231731653213501,84.49,-5.74,65.14,Day3
0.0007536134799011,0.00394614553079,0.6068000197410583,0.5954008102416992,0.0026394680608063,0.6224297285079956,0.587792158126831,0.6394497156143188,0.0001361770264338,0.5907149314880371,0.6562907695770264,8.969780901679769e-05,0.9299486875534058,0.9385468363761902,0.920699417591095,0.0573608726263046,0.9090131521224976,0.9460856318473816,0.8954867720603943,0.6713537573814392,0.8795528411865234,0.9481831789016724,0.0001559478696435,0.0208213273435831,0.0001543960679555,0.0001477699697716,0.8621387481689453,0.6021736264228821,0.0001525722473161,0.0001563032128615,0.0001497432822361,0.0001534880429971,0.9463852643966676,0.8434673547744751,0.0001578979718033,0.0068755280226469,0.0001581201941007,0.8574621677398682,0.6841385364532471,0.0385955870151519,0.8506383895874023,0.8440860509872437,8.886153227649629e-05,0.0001509898138465,0.0202370528131723,6.601643690373749e-05,0.8377764821052551,0.0001432041462976,0.863897442817688,0.8229061961174011,84.4,-6.21,65.42,Day3
0.0008552532526664,0.0042906189337372,0.6108685731887817,0.5994960069656372,0.0029579366091638,0.6264541149139404,0.5919584035873413,0.6434455513954163,0.000160833747941,0.5950396060943604,0.6602537035942078,0.0001071595324901,0.9286547899246216,0.937374234199524,0.9192810654640198,0.0576413348317146,0.9074721932411194,0.9450311660766602,0.8938183784484863,0.6752681732177734,0.8777608275413513,0.9471981525421144,0.0001850432163337,0.0214814580976963,0.0001833335554692,0.0001757780846673,0.8602403998374939,0.60667884349823,0.0001812626578612,0.0001855695882113,0.0001779211597749,0.0001823464554036,0.9454374313354492,0.8414779901504517,0.0001874314184533,0.0075158295221626,0.0001876019960036,0.8583389520645142,0.6880040168762207,0.0390993580222129,0.8516718149185181,0.845277726650238,0.0001067873017746,0.0001794150593923,0.0215992927551269,7.941557123558596e-05,0.8391213417053223,0.0001705319446045,0.864619791507721,0.820840060710907,86.44,-6.64,63.99,Day3
0.0007388333906419,0.0038963288534432,0.6055037975311279,0.594115138053894,0.0025929471012204,0.6211360692977905,0.5865145325660706,0.638160765171051,0.000132663277327,0.5894269943237305,0.6550092697143555,8.720977348275483e-05,0.9302409291267396,0.9388067126274108,0.9210254549980164,0.0573664233088493,0.909374177455902,0.9463145136833192,0.8958855867385864,0.67008376121521,0.8799907565116882,0.9483931064605712,0.0001518222416052,0.0207386836409568,0.0001502899831393,0.0001438011531718,0.8626128435134888,0.6008754968643188,0.0001485067477915,0.0001521578960819,0.0001457482867408,0.000149399129441,0.94658362865448,0.8439755439758301,0.0001537157804705,0.006784756667912,0.0001539328804938,0.8571633100509644,0.6828799247741699,0.0385525189340114,0.8502905368804932,0.8436876535415649,8.632461685920134e-05,0.0001469597482355,0.0200417339801788,6.411054346244782e-05,0.8373281359672546,0.000139332289109,0.8636457324028015,0.8234460949897766,85.19,-5.86,65.51,Day3
0.0007785818306729,0.0040344432927668,0.6063470840454102,0.5949934124946594,0.0027200153563171,0.6219507455825806,0.5874524712562561,0.638959527015686,0.0001421713241143,0.5904556512832642,0.6557925939559937,9.388921898789704e-05,0.9296880960464478,0.9382976293563844,0.9204278588294984,0.0575200915336608,0.9087342023849488,0.9458487033843994,0.8952025175094604,0.6708467602729797,0.8792681694030762,0.9479493498802184,0.0001630714832572,0.0210235696285963,0.0001614668144611,0.0001546083512948,0.8618590235710144,0.6020092368125916,0.0001595906796865,0.0001634704822208,0.0001566302526043,0.0001605419965926,0.946146547794342,0.8431979417800903,0.0001651317434152,0.0070506804622709,0.0001653215877013,0.8571856021881104,0.6836217641830444,0.0387886129319667,0.8503486514091492,0.843781054019928,9.319408854935318e-05,0.0001579345698701,0.0206153038889169,6.921522435732186e-05,0.8374550342559814,0.0001498655619798,0.863631546497345,0.8226511478424072,85.55,-5.78,64.69,Day3
0.0008348646224476,0.0042242761701345,0.6093443632125854,0.5979843139648438,0.0028949473053216,0.6249328851699829,0.5904561281204224,0.6419297456741333,0.0001558080111863,0.5935252904891968,0.6587463021278381,0.000103563448647,0.928977072238922,0.937660276889801,0.9196410179138184,0.05763840675354,0.9078710079193116,0.9452824592590332,0.8942589163780212,0.6737738847732544,0.8782443404197693,0.94742751121521,0.0001791244576452,0.0213739778846502,0.0001774386619217,0.0001700694847386,0.8607636094093323,0.60515296459198,0.0001754226250341,0.0001796177239157,0.0001721821754472,0.0001764713233569,0.9456525444984436,0.8420383930206299,0.0001814269489841,0.0073960376903414,0.0001815958530642,0.8579577207565308,0.6865224838256836,0.0390395447611808,0.8512336611747742,0.8447810411453247,0.000103103389847,0.0001736245758365,0.0213478878140449,7.664287113584578e-05,0.8385669589042664,0.0001649557962082,0.8642934560775757,0.8214349746704102,86.88,-6.26,64.09,Day3
0.0008151123765856,0.0041557364165782,0.6102613210678101,0.5988510847091675,0.0028303840663284,0.6258761882781982,0.5912522077560425,0.6428841352462769,0.0001509223075117,0.5942450761795044,0.6597081422805786,0.0001001357813947,0.929190158843994,0.9378688931465148,0.919857919216156,0.0574958622455596,0.908087968826294,0.945485532283783,0.8944733738899231,0.6747422218322754,0.8784512877464294,0.9476323127746582,0.0001732630480546,0.0212126094847917,0.0001716232363833,0.0001644411677261,0.8609579801559448,0.6057822704315186,0.0001696445106063,0.0001737191196298,0.0001665145973674,0.0001706692419247,0.9458667039871216,0.8422155976295471,0.0001754741533659,0.0072526563890278,0.000175678069354,0.8584005236625671,0.6874986886978149,0.038877572864294,0.8517061471939087,0.8452856540679932,9.95254740701057e-05,0.00016791113012,0.0210414640605449,7.401897164527327e-05,0.8391042351722717,0.0001594732457306,0.8647094964981079,0.8215913772583008,86.42,-6.76,64.81,Day3
0.0007975237676873,0.0040994016453623,0.6066518425941467,0.5953169465065002,0.0027806367725133,0.6222409009933472,0.5878065824508667,0.6392416954040527,0.0001467653783038,0.5908541083335876,0.65606689453125,9.712633618619292e-05,0.9294226169586182,0.9380523562431335,0.9201418161392212,0.0575928166508674,0.9084287285804749,0.9456233978271484,0.8948774933815002,0.6711113452911377,0.8789253234863281,0.9477339386940002,0.0001685238385107,0.0211564190685749,0.0001668847980909,0.0001598489761818,0.8615025281906128,0.6024590134620667,0.0001649652404012,0.0001689543860265,0.0001619063696125,0.0001659435365581,0.9459333419799804,0.8428313136100769,0.0001706651673885,0.0071774902753531,0.0001708398776827,0.8571546077728271,0.6838761568069458,0.0388991124927997,0.8503313064575195,0.843777060508728,9.653437155066058e-05,0.0001632549101486,0.0208869390189647,7.169414311647415e-05,0.8374636769294739,0.0001549748558318,0.8635863661766052,0.8222776055335999,85.56,-5.72,64.28,Day3
0.0007785818306729,0.0040344432927668,0.6063470840454102,0.5949934124946594,0.0027200153563171,0.6219507455825806,0.5874524712562561,0.638959527015686,0.0001421713241143,0.5904556512832642,0.6557925939559937,9.388921898789704e-05,0.9296880960464478,0.9382976293563844,0.9204278588294984,0.0575200915336608,0.9087342023849488,0.9458487033843994,0.8952025175094604,0.6708467602729797,0.8792681694030762,0.9479493498802184,0.0001630714832572,0.0210235696285963,0.0001614668144611,0.0001546083512948,0.8618590235710144,0.6020092368125916,0.0001595906796865,0.0001634704822208,0.0001566302526043,0.0001605419965926,0.946146547794342,0.8431979417800903,0.0001651317434152,0.0070506804622709,0.0001653215877013,0.8571856021881104,0.6836217641830444,0.0387886129319667,0.8503486514091492,0.843781054019928,9.319408854935318e-05,0.0001579345698701,0.0206153038889169,6.921522435732186e-05,0.8374550342559814,0.0001498655619798,0.863631546497345,0.8226511478424072,85.55,-5.78,64.69,Day3
0.0007388333906419,0.0038963288534432,0.6055037975311279,0.594115138053894,0.0025929471012204,0.6211360692977905,0.5865145325660706,0.638160765171051,0.000132663277327,0.5894269943237305,0.6550092697143555,8.720977348275483e-05,0.9302409291267396,0.9388067126274108,0.9210254549980164,0.0573664233088493,0.909374177455902,0.9463145136833192,0.8958855867385864,0.67008376121521,0.8799907565116882,0.9483931064605712,0.0001518222416052,0.0207386836409568,0.0001502899831393,0.0001438011531718,0.8626128435134888,0.6008754968643188,0.0001485067477915,0.0001521578960819,0.0001457482867408,0.000149399129441,0.94658362865448,0.8439755439758301,0.0001537157804705,0.006784756667912,0.0001539328804938,0.8571633100509644,0.6828799247741699,0.0385525189340114,0.8502905368804932,0.8436876535415649,8.632461685920134e-05,0.0001469597482355,0.0200417339801788,6.411054346244782e-05,0.8373281359672546,0.000139332289109,0.8636457324028015,0.8234460949897766,85.19,-5.86,65.51,Day3
0.0008588800556026,0.0043046697974205,0.6098809242248535,0.5985372066497803,0.0029705751221626,0.6254550218582153,0.5910379886627197,0.6424438953399658,0.0001617471134522,0.5941533446311951,0.659252405166626,0.0001077793349395,0.9286839962005616,0.9373909831047058,0.9193236231803894,0.0577197857201099,0.9075305461883544,0.9450366497039796,0.8938950300216675,0.6742691993713379,0.8778589367866516,0.947194278240204,0.0001861709170043,0.0215314086526632,0.0001844458893174,0.0001768555666785,0.8603609800338745,0.6058341264724731,0.0001823737547965,0.0001867081155069,0.0001790074893506,0.0001834601571317,0.9454240798950196,0.841622531414032,0.0001885810343082,0.007550005801022,0.0001887303515104,0.8580107688903809,0.6870067119598389,0.0391669683158397,0.8513087034225464,0.8448778390884399,0.0001074566825991,0.0001805091305868,0.0216727349907159,7.988458673935384e-05,0.8386844992637634,0.0001715770922601,0.8643242716789246,0.8210092186927795,87.24,-6.23,63.65,Day3
0.0008797729387879,0.0043739634566009,0.6101847887039185,0.5988598465919495,0.0030367667786777,0.6257442235946655,0.5913912653923035,0.6427247524261475,0.0001669736229814,0.5945507287979126,0.6595253944396973,0.0001114952028729,0.9284150004386902,0.9371423125267028,0.919033944606781,0.0577927604317665,0.9072214365005492,0.9448081851005554,0.8935664296150208,0.6745324730873108,0.8775126934051514,0.9469759464263916,0.0001923958334373,0.021667381748557,0.0001906346151372,0.0001828506792662,0.8600013256072998,0.6062825322151184,0.0001885148667497,0.0001929714489961,0.0001850372354965,0.0001896325993584,0.9452081918716432,0.8412529230117798,0.0001949006546055,0.0076857274398207,0.0001950304140336,0.857979953289032,0.6872596740722656,0.039278507232666,0.8512914776802063,0.8448739051818848,0.0001113079124479,0.0001865903032012,0.021958002820611,8.274534775409847e-05,0.8386930823326111,0.0001774262927938,0.8642793297767639,0.8206329345703125,87.25,-6.16,63.24,Day3
0.0007260903948917,0.0038531119935214,0.6033417582511902,0.5919955968856812,0.0025556269101798,0.6189594268798828,0.5844423770904541,0.6359788179397583,0.0001297277776757,0.587378978729248,0.6528267860412598,8.511876512784511e-05,0.9303925037384032,0.9389289617538452,0.9212077260017396,0.0574020333588123,0.9095901250839232,0.9464093446731568,0.8961387872695923,0.6679064035415649,0.8802845478057861,0.9484663009643556,0.0001484569074818,0.0206787977367639,0.0001469328417442,0.0001405523216817,0.8629471659660339,0.598857045173645,0.0001451878924854,0.0001487746339989,0.0001424834626959,0.0001460505882278,0.9466363191604614,0.8443504571914673,0.0001503003149991,0.0067213396541774,0.0001505055406596,0.856410026550293,0.680706799030304,0.0385392047464847,0.8494593501091003,0.842775821685791,8.423747931374237e-05,0.0001436624588677,0.0199073571711778,6.250744627323002e-05,0.8363369703292847,0.0001361558533972,0.8629668951034546,0.8238608837127686,84.23,-5.29,65.27,Day3
0.0007260214188136,0.0038545981515198,0.6021131873130798,0.5907994508743286,0.0025569375138729,0.6177178621292114,0.5832870006561279,0.6347328424453735,0.000129734587972,0.586255669593811,0.651579737663269,8.50983924465254e-05,0.9304456114768982,0.9389665126800536,0.9212775230407716,0.0574716590344905,0.9096790552139282,0.9464325904846193,0.896249532699585,0.6666613221168518,0.8804203271865845,0.9484779834747314,0.0001485131215304,0.020705321803689,0.0001469796407036,0.0001405972288921,0.8631089329719543,0.597772479057312,0.0001452414871891,0.0001488337875343,0.0001425317022949,0.0001461001811549,0.9466363787651062,0.8445393443107605,0.0001503599487477,0.0067331441678106,0.0001505498948972,0.8559933304786682,0.6794630289077759,0.0385898947715759,0.8489983677864075,0.8422685861587524,8.424623956670985e-05,0.0001437090249964,0.0199347361922264,6.248557474464178e-05,0.8357836008071899,0.0001361938921036,0.8625918626785278,0.8240773677825928,84.68,-4.85,64.98,Day3
0.0008331076242029,0.0042219017632305,0.6058031320571899,0.5945402383804321,0.0028965605888515,0.6213502883911133,0.5871332883834839,0.6383309364318848,0.000155537694809,0.5902997255325317,0.6551403999328613,0.0001032914442475,0.928968071937561,0.9376189112663268,0.9196664690971376,0.0577999874949455,0.9079377055168152,0.9452121257781982,0.8943732976913452,0.6701688766479492,0.8784149289131165,0.9473281502723694,0.0001790266251191,0.0214296355843544,0.0001773106196196,0.0001699365675449,0.8609947562217712,0.6020442843437195,0.0001753174437908,0.0001795221760403,0.0001720636792015,0.0001763397885952,0.9455180764198304,0.8423340320587158,0.0001813280250644,0.007430285681039,0.00018145168724,0.8565930128097534,0.6829157471656799,0.0391561724245548,0.8497447967529297,0.8431628346443176,0.0001029537597787,0.0001734949910314,0.021426809951663,7.641517731826752e-05,0.836820662021637,0.0001648026664042,0.863045871257782,0.8217971324920654,85.68,-5.13,63.16,Day3
0.000737058056984,0.0038902852684259,0.6063665151596069,0.5949463844299316,0.0025844469200819,0.6220154762268066,0.587306797504425,0.6390495896339417,0.0001321650343015,0.5901848077774048,0.6559054851531982,8.68738570716232e-05,0.9303807020187378,0.93894362449646,0.9211682081222534,0.0573363825678825,0.9095182418823242,0.9464478492736816,0.8960302472114563,0.6709856986999512,0.8801338076591492,0.9485291242599488,0.0001511569134891,0.0207162350416183,0.000149635670823,0.000143173689139,0.8627514839172363,0.6015931367874146,0.000147853832459,0.0001514910982223,0.0001451112329959,0.0001487539120716,0.9467288851737976,0.8441076278686523,0.0001530449226265,0.0067583583295345,0.0001532693859189,0.8576151728630066,0.6837884187698364,0.0385228209197521,0.8507710695266724,0.8441979289054871,8.593842358095571e-05,0.0001463204534957,0.0199822690337896,6.385653250617906e-05,0.8378672003746033,0.0001387274969602,0.8640706539154053,0.823570191860199,86.93,-6.09,65.84,Day3
0.0006624473608098,0.0036235991865396,0.6035813093185425,0.5921253561973572,0.0023474770132452,0.6192703247070312,0.5844070911407471,0.6363261342048645,0.0001148670853581,0.5871357917785645,0.6532055735588074,7.479186751879752e-05,0.931358814239502,0.93983393907547,0.9222359657287598,0.0570517964661121,0.910673439502716,0.9472525119781494,0.8972751498222351,0.6683210134506226,0.881463885307312,0.9492850303649902,0.0001308509963564,0.0201591849327087,0.0001294597459491,0.0001236817624885,0.8641527891159058,0.5983706712722778,0.0001278578856727,0.0001310751540586,0.0001254764647455,0.0001286382321268,0.9474608898162842,0.8455674648284912,0.000132437548018,0.0062649482861161,0.0001326965575572,0.8570343255996704,0.6811600923538208,0.0380686782300472,0.8500814437866211,0.8433992862701416,7.36135189072229e-05,0.0001265148603124,0.0189027581363916,5.4660584282828495e-05,0.8369641900062561,0.0001197332167066,0.8635979890823364,0.8250768184661865,84.1,-5.98,67.11,Day3
0.0005922353593632,0.0033639238681644,0.6044844388961792,0.5928636789321899,0.0021122591570019,0.6202809810638428,0.5849088430404663,0.6373974084854126,9.889342618407682e-05,0.5873522162437439,0.6543306112289429,6.37857592664659e-05,0.9328426122665404,0.9412215948104858,0.9238179922103882,0.0566580295562744,0.9123454093933104,0.9485438466072084,0.8990366458892822,0.6695040464401245,0.8833023905754089,0.9505414962768556,0.0001119349471991,0.019552256911993,0.0001106974814319,0.0001055996035574,0.8660436272621155,0.5982556343078613,0.0001092599050025,0.0001120738961617,0.0001072269878932,0.0001099625005736,0.9487329721450806,0.8474898338317871,0.0001132618126575,0.0057333507575094,0.0001135616912506,0.8583431243896484,0.682405412197113,0.037519346922636,0.8514054417610168,0.8447427153587341,6.23164523858577e-05,0.0001081191221601,0.0177046246826648,4.633968637790531e-05,0.8383276462554932,0.00010215119255,0.8648980855941772,0.8270134329795837,84.1,-5.98,67.11,Day3
0.0006624473608098,0.0036235991865396,0.6035813093185425,0.5921253561973572,0.0023474770132452,0.6192703247070312,0.5844070911407471,0.6363261342048645,0.0001148670853581,0.5871357917785645,0.6532055735588074,7.479186751879752e-05,0.931358814239502,0.93983393907547,0.9222359657287598,0.0570517964661121,0.910673439502716,0.9472525119781494,0.8972751498222351,0.6683210134506226,0.881463885307312,0.9492850303649902,0.0001308509963564,0.0201591849327087,0.0001294597459491,0.0001236817624885,0.8641527891159058,0.5983706712722778,0.0001278578856727,0.0001310751540586,0.0001254764647455,0.0001286382321268,0.9474608898162842,0.8455674648284912,0.000132437548018,0.0062649482861161,0.0001326965575572,0.8570343255996704,0.6811600923538208,0.0380686782300472,0.8500814437866211,0.8433992862701416,7.36135189072229e-05,0.0001265148603124,0.0189027581363916,5.4660584282828495e-05,0.8369641900062561,0.0001197332167066,0.8635979890823364,0.8250768184661865,88.6,-6.81,69.72,Day3
0.0005922353593632,0.0033639238681644,0.6044844388961792,0.5928636789321899,0.0021122591570019,0.6202809810638428,0.5849088430404663,0.6373974084854126,9.889342618407682e-05,0.5873522162437439,0.6543306112289429,6.37857592664659e-05,0.9328426122665404,0.9412215948104858,0.9238179922103882,0.0566580295562744,0.9123454093933104,0.9485438466072084,0.8990366458892822,0.6695040464401245,0.8833023905754089,0.9505414962768556,0.0001119349471991,0.019552256911993,0.0001106974814319,0.0001055996035574,0.8660436272621155,0.5982556343078613,0.0001092599050025,0.0001120738961617,0.0001072269878932,0.0001099625005736,0.9487329721450806,0.8474898338317871,0.0001132618126575,0.0057333507575094,0.0001135616912506,0.8583431243896484,0.682405412197113,0.037519346922636,0.8514054417610168,0.8447427153587341,6.23164523858577e-05,0.0001081191221601,0.0177046246826648,4.633968637790531e-05,0.8383276462554932,0.00010215119255,0.8648980855941772,0.8270134329795837,88.6,-6.81,69.72,Day3
0.0006383121362887,0.0035367747768759,0.601344108581543,0.589909553527832,0.0022717218380421,0.6170328855514526,0.5822064876556396,0.6340911388397217,0.0001094206891139,0.5849162936210632,0.6509770154953003,7.099102367646992e-05,0.9317421913146972,0.9401717782020568,0.9226667284965516,0.0570235587656497,0.9111534357070924,0.9475468397140504,0.8978080749511719,0.666106104850769,0.8820514678955078,0.9495510458946228,0.0001245179300894,0.0199954621493816,0.0001231621863553,0.0001176033183583,0.8647913932800293,0.5961306095123291,0.0001216245582327,0.0001247118634637,0.0001193522766698,0.0001223630097229,0.9477071166038512,0.8462539911270142,0.0001260140124941,0.0061136218719184,0.000126268772874,0.8563963174819946,0.678958535194397,0.0379630960524082,0.849359929561615,0.8425920605659485,6.977581506362185e-05,0.0001203357387566,0.018568780273199,5.17734260938596e-05,0.8360729813575745,0.0001138085353886,0.8630406856536865,0.8258078098297119,83.49,-5.48,67.24,Day3
0.0005861826357431,0.0033434212673455,0.5984890460968018,0.5870392322540283,0.0021035470999777,0.6142056584358215,0.5792903900146484,0.6312811374664307,9.780899563338608e-05,0.581891655921936,0.6481876969337463,6.296631181612611e-05,0.9326349496841432,0.940979301929474,0.923647165298462,0.0568513721227645,0.912221908569336,0.9482719302177428,0.8989688158035278,0.6633487939834595,0.883303165435791,0.9502295255661012,0.0001109481527237,0.0195843987166881,0.0001096861451514,0.0001046111792675,0.8661226630210876,0.5929803848266602,0.0001082797753042,0.0001110795201384,0.0001062488736351,0.0001089403231162,0.9483627676963806,0.8476548194885254,0.0001122531539294,0.0057567171752452,0.0001125148482969,0.8558183908462524,0.6762341260910034,0.0376427881419658,0.848670482635498,0.8417895436286926,6.164026126498356e-05,0.0001071193764801,0.0177679751068353,4.570642704493366e-05,0.8351604342460632,0.0001011616623145,0.8625723719596863,0.8272688388824463,82.86,-5.08,68.11,Day3
0.0006383121362887,0.0035367747768759,0.601344108581543,0.589909553527832,0.0022717218380421,0.6170328855514526,0.5822064876556396,0.6340911388397217,0.0001094206891139,0.5849162936210632,0.6509770154953003,7.099102367646992e-05,0.9317421913146972,0.9401717782020568,0.9226667284965516,0.0570235587656497,0.9111534357070924,0.9475468397140504,0.8978080749511719,0.666106104850769,0.8820514678955078,0.9495510458946228,0.0001245179300894,0.0199954621493816,0.0001231621863553,0.0001176033183583,0.8647913932800293,0.5961306095123291,0.0001216245582327,0.0001247118634637,0.0001193522766698,0.0001223630097229,0.9477071166038512,0.8462539911270142,0.0001260140124941,0.0061136218719184,0.000126268772874,0.8563963174819946,0.678958535194397,0.0379630960524082,0.849359929561615,0.8425920605659485,6.977581506362185e-05,0.0001203357387566,0.018568780273199,5.17734260938596e-05,0.8360729813575745,0.0001138085353886,0.8630406856536865,0.8258078098297119,83.49,-5.48,67.24,Day3
0.0006151130073703,0.0034506951924413,0.6003341674804688,0.588888943195343,0.0021972854156047,0.6160356402397156,0.5811604261398315,0.6331003904342651,0.0001042268486344,0.5838193893432617,0.6499934792518616,6.739928358001634e-05,0.9320717453956604,0.9404711723327636,0.9230270385742188,0.0569261945784091,0.9115440845489502,0.9478169083595276,0.8982298374176025,0.665134072303772,0.8825029730796814,0.949804425239563,0.0001184468346764,0.0198076032102108,0.0001171330441138,0.0001117876308853,0.8652681708335876,0.5949743390083313,0.000115652270324,0.0001186103836516,0.0001134886260842,0.0001163546767202,0.947952151298523,0.8467516303062439,0.0001198544268845,0.0059554544277489,0.0001201167760882,0.8561732172966003,0.677998423576355,0.0378080122172832,0.8490973711013794,0.842289924621582,6.613092409679666e-05,0.0001144211637438,0.0182155203074216,4.905615060124546e-05,0.8357329368591309,0.0001081467635231,0.8628568053245544,0.8263224363327026,82.42,-5.42,67.62,Day3
0.000430651474744,0.0027248179540038,0.5934923887252808,0.5818307399749756,0.0015857686521485,0.6093813180923462,0.5737220048904419,0.6265523433685303,6.505303463200107e-05,0.5757727026939392,0.6435533761978149,4.076026016264223e-05,0.9358981251716614,0.9439747333526612,0.9271854162216188,0.0560003258287906,0.9160289764404296,0.9510056972503662,0.9030523300170898,0.658838152885437,0.8876474499702454,0.9528378248214722,7.278849807335064e-05,0.0180833544582128,7.185148569988087e-05,6.823593139415607e-05,0.8706803917884827,0.5862178802490234,7.082705269567668e-05,7.27756560081616e-05,6.948896043468267e-05,7.12849068804644e-05,0.9509454965591432,0.852383553981781,7.357842696364969e-05,0.0045846686698496,7.386151992250234e-05,0.8558917045593262,0.6718542575836182,0.036336500197649,0.8485289216041565,0.8414349555969238,3.924344127881341e-05,7.005363295320421e-05,0.015027405694127,2.9099255698383782e-05,0.8346012830734253,6.582615606021136e-05,0.8628636598587036,0.8321311473846436,83.58,-5.28,72.47,Day3
0.0015451125800609,0.0063578113913536,0.6186925768852234,0.6077631711959839,0.0050790542736649,0.6339297294616699,0.6009529829025269,0.6507265567779541,0.000351531925844,0.6050885319709778,0.6673480272293091,0.0002465784200467,0.9220378398895264,0.931244969367981,0.912168264389038,0.0594900846481323,0.899905800819397,0.9393898248672484,0.8857983946800232,0.6821293234825134,0.8693398833274841,0.941813051700592,0.0004151310713496,0.025087833404541,0.000412462366512,0.0003987289092037,0.8515221476554871,0.6179402470588684,0.0004089761932846,0.0004174335335846,0.000401528464863,0.0004111646849196,0.9401339292526244,0.8325508236885071,0.0004212615313008,0.0116210477426648,0.0004203378921374,0.8579726219177246,0.6946223974227905,0.0419490523636341,0.851650059223175,0.8455911874771118,0.0002536765532568,0.0004049581766594,0.029718967154622,0.0001886175305116,0.8397502899169922,0.0003886281047016,0.8638961315155029,0.8117809891700745,90.27,-4.73,53.3,Day3
0.0008275951258838,0.0042015993967652,0.6076561212539673,0.5963324308395386,0.0028747811447829,0.623231828212738,0.5888477563858032,0.6402251720428467,0.000154078239575,0.5919452905654907,0.6570422649383545,0.0001023017030092,0.9290812015533448,0.9377415776252748,0.9197691679000854,0.0576912425458431,0.9080258011817932,0.9453426003456116,0.8944435119628906,0.672074556350708,0.8784619569778442,0.9474706649780272,0.0001771617389749,0.0213567800819873,0.0001754736586008,0.0001681642752373,0.8610146641731262,0.6036081314086914,0.0001734832476358,0.0001776450371835,0.0001702710142126,0.0001745117187965,0.9456793069839478,0.8423233032226562,0.0001794354175217,0.0073678689077496,0.0001795894495444,0.8573763966560364,0.6848268508911133,0.0390584580600261,0.8505920171737671,0.8440768122673035,0.0001018543262034,0.0001716934493742,0.021290898323059,7.566526619484648e-05,0.8378008008003235,0.000163087650435,0.8637694120407104,0.8217536211013794,86.62,-5.75,63.81,Day3
0.0007102062809281,0.003797098994255,0.6041346788406372,0.5927354097366333,0.002501068636775,0.6197843551635742,0.5851106643676758,0.6368218064308167,0.0001258985867025,0.5879703760147095,0.6536852121353149,8.245909702964127e-05,0.9307692050933838,0.9392861127853394,0.9216043949127196,0.0573080107569694,0.9100038409233092,0.9467463493347168,0.8965688943862915,0.6687799692153931,0.8807271122932434,0.9487989544868468,0.0001438414619769,0.0205480922013521,0.0001423567737219,0.0001361372851533,0.863395631313324,0.5993590354919434,0.0001406459050485,0.0001441370695829,0.0001380289613734,0.0001414979342371,0.9469783306121826,0.8447994589805603,0.0001456224126741,0.00659518269822,0.0001458450424252,0.8569793701171875,0.6815967559814453,0.0384160056710243,0.8500522971153259,0.8433941006660461,8.145794708980247e-05,0.0001391747937304,0.0196296162903308,6.048373688827269e-05,0.8369799852371216,0.0001318631839239,0.8635149598121643,0.8243061304092407,86.32,-5.61,65.99,Day3
0.0006450960645452,0.0035619975533336,0.6029124855995178,0.5914382338523865,0.0022899145260453,0.6186200380325317,0.5836907625198364,0.6356894969940186,0.0001108587894123,0.5863723754882812,0.6525835990905762,7.200361869763583e-05,0.9318069219589232,0.940243661403656,0.9227240681648254,0.0570189952850341,0.9112014174461364,0.9476248025894164,0.8978453874588013,0.6677169799804688,0.8820757865905762,0.949639081954956,0.000126109807752,0.0200364347547292,0.0001247507461812,0.0001191423580166,0.8648005723953247,0.597554087638855,0.0001231942296726,0.0001263145240955,0.0001208975954796,0.0001239549892488,0.9478108286857604,0.8462467193603516,0.0001276344846701,0.0061409613117575,0.0001278937415918,0.8571034073829651,0.6805744767189026,0.0379811152815818,0.8501216173171997,0.8434101343154907,7.075562461977825e-05,0.0001218986799358,0.0186266116797924,5.254307689028792e-05,0.8369454145431519,0.0001153154080384,0.863695502281189,0.8257834911346436,86.29,-5.83,67.57,Day3
0.0004460391355678,0.0027891146019101,0.5934007167816162,0.581784725189209,0.001638755435124,0.609258770942688,0.5737428665161133,0.6264123916625977,6.816905806772411e-05,0.5758772492408752,0.6433975696563721,4.284019087208435e-05,0.935478687286377,0.943584680557251,0.9267359375953674,0.0561172887682914,0.915550947189331,0.9506446123123168,0.9025455713272096,0.6586648225784302,0.887114942073822,0.9524874091148376,7.641991396667436e-05,0.0182558968663215,7.544666732428595e-05,7.168402225943282e-05,0.8701288104057312,0.5864198803901672,7.438501052092761e-05,7.641772390343249e-05,7.297984120668843e-05,7.485950482077897e-05,0.9505910277366638,0.8518189191818237,7.725624891463667e-05,0.0047118528746068,7.753707905067131e-05,0.8555742502212524,0.6716620326042175,0.0364987626671791,0.848212718963623,0.8411189317703247,4.1337803850183263e-05,7.357224967563525e-05,0.0153343807905912,3.064158954657614e-05,0.8342850208282471,6.916970596648753e-05,0.8625432848930359,0.831558346748352,82.54,-5.06,71.73,Day3
0.00071918789763,0.0038195815868675,0.6160579919815063,0.6043368577957153,0.002507455414161,0.631841778755188,0.5963115096092224,0.6489309668540955,0.000127502498799,0.5988525152206421,0.6658155918121338,8.379220525966957e-05,0.93088561296463,0.9395008683204652,0.9216158986091614,0.0568154081702232,0.909887969493866,0.9470483064651488,0.8963050246238708,0.6809045076370239,0.8802873492240906,0.9491927027702332,0.0001450903218938,0.020408684387803,0.0001436812308384,0.0001374445128021,0.8627638816833496,0.6098577976226807,0.0001418992324033,0.0001453900185879,0.0001393013226334,0.0001428352406946,0.9474880695343018,0.8439617156982422,0.0001468943228246,0.0065152356401085,0.0001472326839575,0.8616381287574768,0.6937244534492493,0.0380757562816143,0.8551251888275146,0.8488979339599609,8.245359640568495e-05,0.0001404867944074,0.0194340627640485,6.154787115519866e-05,0.8429092168807983,0.0001332023675786,0.867782473564148,0.8232550621032715,92.34,-9.24,69.01,Day3
0.0005564186139963,0.0032320832833647,0.5931919813156128,0.5818424224853516,0.0020129391923546,0.6088708639144897,0.5741982460021973,0.6259270906448364,9.1453104687389e-05,0.5768378973007202,0.6428250074386597,5.855881317984313e-05,0.9330231547355652,0.9412970542907716,0.9241090416908264,0.0568882785737514,0.9127641320228576,0.948523759841919,0.8995993733406067,0.6579930782318115,0.8840295076370239,0.950430393218994,0.0001036923131323,0.0193901099264621,0.0001024656157824,9.764871356310324e-05,0.8669444918632507,0.5879712104797363,0.0001011434287647,0.000103791928268,9.923274774337187e-05,0.0001017428803606,0.9485155940055848,0.8485713005065918,0.0001048930716933,0.0055867927148938,0.0001051338040269,0.8539537787437439,0.6708840131759644,0.0375543050467968,0.8466114401817322,0.8395297527313232,5.727022289647721e-05,0.000100036340882,0.0173880737274885,4.237774555804208e-05,0.8327039480209351,9.437348489882424e-05,0.8608939051628113,0.828277587890625,79.51,-3.72,67.56,Day3
0.000585057947319,0.0033389627933502,0.5973854064941406,0.5859706401824951,0.0021025582682341,0.6130836009979248,0.5782631635665894,0.6301478147506714,9.7628690127749e-05,0.5808967351913452,0.6470454931259155,6.283116817940027e-05,0.932523250579834,0.940867245197296,0.9235358834266664,0.0568727254867553,0.9121127128601074,0.9481602311134338,0.8988625407218933,0.6622002720832825,0.8832019567489624,0.9501127004623412,0.0001108033029595,0.0195851884782314,0.0001095365732908,0.0001044625605572,0.8660291433334351,0.5920225381851196,0.0001081348018487,0.000110931963718,0.0001061032817233,0.0001087852288037,0.9482345581054688,0.8475708365440369,0.0001121021196013,0.0057631288655102,0.0001123592737712,0.8552766442298889,0.6750785112380981,0.0376561805605888,0.8480905890464783,0.8411702513694763,6.153812864795327e-05,0.0001069697464117,0.0177848115563392,4.5602762838825583e-05,0.8345029354095459,0.0001010115811368,0.8620667457580566,0.8271955847740173,80.74,-4.79,67.71,Day3
0.0005749658448621,0.0033019073307514,0.5952085852622986,0.5838382840156555,0.0020722814369946,0.6108895540237427,0.5761793851852417,0.627945601940155,9.546824730932713e-05,0.5788364410400391,0.6448397636413574,6.132465932751074e-05,0.93267023563385,0.9409856796264648,0.9237129092216492,0.0569080598652362,0.9123228192329408,0.9482519626617432,0.8991093039512634,0.6599972248077393,0.8834889531135559,0.950183629989624,0.0001083469032892,0.0195285659283399,0.0001070899670594,0.0001021025891532,0.8663565516471863,0.5899897813796997,0.0001057181943906,0.0001084652685676,0.0001037266265484,0.0001063469971995,0.948285698890686,0.8479387760162354,0.000109611377411,0.005709211807698,0.0001098576976801,0.8545151948928833,0.6728775501251221,0.0376431718468666,0.8472493886947632,0.8402464985847473,6.005022441968322e-05,0.0001045695971697,0.0176652949303388,4.446251841727644e-05,0.8334980607032776,9.87090534181334e-05,0.8613813519477844,0.8276034593582153,79.78,-4.19,67.45,Day3
0.000567496579606,0.003274702001363,0.5932640433311462,0.5819358825683594,0.0020501208491623,0.6089279651641846,0.5743242502212524,0.6259757280349731,9.388044418301432e-05,0.5770067572593689,0.6428659558296204,6.021480658091605e-05,0.9327932000160216,0.9410833716392516,0.9238623380661012,0.0569518357515335,0.9125016927719116,0.948326289653778,0.8993210196495056,0.6580250263214111,0.8837369084358215,0.950239598751068,0.0001065506075974,0.0194924380630254,0.0001052988518495,0.000100375546026,0.8666412234306335,0.5881900191307068,0.0001039508060785,0.0001066618278855,0.0001019872870529,0.0001045627213898,0.9483240842819214,0.8482605218887329,0.0001077901251846,0.0056715779937803,0.0001080255533452,0.8538362979888916,0.6709063053131104,0.0376457944512367,0.8464990854263306,0.8394221067428589,5.89593946642708e-05,0.0001028128754114,0.0175822097808122,4.362207619124092e-05,0.8326005935668945,9.702311945147812e-05,0.860770583152771,0.8279619812965393,79.16,-3.63,67.19,Day3
0.0005760695785284,0.0033063106238842,0.5963141918182373,0.5849085450172424,0.002073252107948,0.6120140552520752,0.5772080421447754,0.6290817260742188,9.564430365571752e-05,0.5798327922821045,0.6459852457046509,6.145660154288635e-05,0.93278169631958,0.9410974979400636,0.9238240122795104,0.0568866617977619,0.91243177652359,0.948363482952118,0.8992153406143188,0.6611494421958923,0.8835898637771606,0.9503003358840942,0.0001084883333533,0.0195277649909257,0.0001072357845259,0.0001022473807097,0.8664498329162598,0.5909491777420044,0.0001058595225913,0.0001086093398043,0.0001038682748912,0.0001064981042873,0.9484137892723083,0.8480226397514343,0.0001097586427931,0.0057028434239327,0.0001100094887078,0.8550593256950378,0.6740372180938721,0.0376297645270824,0.8478319048881531,0.8408687114715576,6.014977770973928e-05,0.0001047155747073,0.0176485385745763,4.456354508874938e-05,0.834158718585968,9.885534382192418e-05,0.8618890643119812,0.8276765942573547,81.9,-4.49,67.85,Day3
0.000519786903169,0.003086568089202,0.5969539880752563,0.5854108333587646,0.0018838618416339,0.6127421855926514,0.5775084495544434,0.6298565864562988,8.342823275597766e-05,0.5798856019973755,0.6468005180358887,5.314983354764991e-05,0.9338973760604858,0.9421427845954896,0.9250110387802124,0.0564930066466331,0.9136831760406494,0.9493380784988404,0.9005293250083923,0.6620092391967773,0.8849552273750305,0.951249897480011,9.41236357903108e-05,0.0189761370420455,9.299968223785982e-05,8.854948100633919e-05,0.8678472638130188,0.5907124876976013,9.175357990898192e-05,9.418424451723696e-05,9.002876322483644e-05,9.232696902472526e-05,0.9493757486343384,0.8494347929954529,9.519625746179372e-05,0.005265059415251,9.547817171551289e-05,0.855974555015564,0.6749449968338013,0.0371103771030902,0.8487578630447388,0.8418096899986267,5.168906136532314e-05,9.076423157239331e-05,0.0166383199393749,3.8332975236698985e-05,0.8351168036460876,8.554996747989208e-05,0.8627992868423462,0.8290892839431763,82.83,-5.32,69.92,Day3
0.0005575381801463,0.0032351450063288,0.5955357551574707,0.58411705493927,0.0020128493197262,0.6112483739852905,0.5763895511627197,0.6283224821090698,9.161684283753856e-05,0.5789651870727539,0.6452326774597168,5.8698755310615525e-05,0.93308287858963,0.9413722157478333,0.9241522550582886,0.0567979626357555,0.912786602973938,0.9486123919487,0.8995974659919739,0.660407304763794,0.8839979767799377,0.9505353569984436,0.0001037884649122,0.0193644408136606,0.000102572274045,9.775594662642106e-05,0.8668796420097351,0.5900239944458008,0.0001012409920804,0.0001038883710862,9.933442925103007e-05,0.0001018530747387,0.9486430883407592,0.8484700918197632,0.0001049920392688,0.0055707697756588,0.0001052481529768,0.854919970035553,0.6733059883117676,0.0374915711581707,0.8476613759994507,0.8406669497489929,5.735909144277685e-05,0.0001001434211502,0.0173476636409759,4.248895129421726e-05,0.8339270353317261,9.448730270378292e-05,0.8617808818817139,0.8281382918357849,81.18,-4.45,68.2,Day3
0.000567496579606,0.003274702001363,0.5932640433311462,0.5819358825683594,0.0020501208491623,0.6089279651641846,0.5743242502212524,0.6259757280349731,9.388044418301432e-05,0.5770067572593689,0.6428659558296204,6.021480658091605e-05,0.9327932000160216,0.9410833716392516,0.9238623380661012,0.0569518357515335,0.9125016927719116,0.948326289653778,0.8993210196495056,0.6580250263214111,0.8837369084358215,0.950239598751068,0.0001065506075974,0.0194924380630254,0.0001052988518495,0.000100375546026,0.8666412234306335,0.5881900191307068,0.0001039508060785,0.0001066618278855,0.0001019872870529,0.0001045627213898,0.9483240842819214,0.8482605218887329,0.0001077901251846,0.0056715779937803,0.0001080255533452,0.8538362979888916,0.6709063053131104,0.0376457944512367,0.8464990854263306,0.8394221067428589,5.89593946642708e-05,0.0001028128754114,0.0175822097808122,4.362207619124092e-05,0.8326005935668945,9.702311945147812e-05,0.860770583152771,0.8279619812965393,79.16,-3.63,67.19,Day3
0.0006413327646441,0.0035491415765136,0.5983781218528748,0.5870406627655029,0.0022878739982843,0.6140183806419373,0.5794575810432434,0.6310509443283081,0.0001102536625694,0.5822681188583374,0.6479185223579407,7.152376201702282e-05,0.9315198063850404,0.9399398565292358,0.9224547147750854,0.0571525953710079,0.9109575748443604,0.9473078846931458,0.8976324796676636,0.6630358695983887,0.8819034695625305,0.949295163154602,0.0001256649411516,0.0200645737349987,0.0001242814032593,0.0001186744120786,0.8646776676177979,0.5936002731323242,0.0001227465400006,0.0001258620904991,0.0001204442378366,0.0001234689552802,0.947421371936798,0.8461798429489136,0.0001271724759135,0.0061723459511995,0.0001274018723051,0.8550660014152527,0.6758744120597839,0.0380717329680919,0.8479265570640564,0.8410512804985046,7.041201024549082e-05,0.0001214290605275,0.018705379217863,5.21680194651708e-05,0.8344267010688782,0.0001148351148003,0.8618074655532837,0.8257768154144287,80.42,-4.56,66.23,Day3
